"price","web_url","img_url"
"1949","/iteminfo/cameleon-makeup-kit-g2327-2x-powder-36x-eyeshadows-4x-blusher-1xmascara-1xeye-pencil-8x-lip-gloss-4x-applicators","//d3pllp7nz3wmw5.cloudfront.net/product_images/11152968514_EBAY_SMALL_US.jpg"
"1660","/iteminfo/cameleon-makeup-kit-g1697-1%3A-25x-eyeshadow-4x-compact-powder-6x-blusher-6x-lipgloss-1x-mascara","//d3pllp7nz3wmw5.cloudfront.net/product_images/08955768514_EBAY_SMALL_US.jpg"
"1516","/iteminfo/cameleon-makeup-kit-g1688-34xes-3xblusher-2xpressed-pwd-1xmascara-4xlipgloss-1xepen-4xapplicator","//d3pllp7nz3wmw5.cloudfront.net/product_images/05605968514_EBAY_SMALL_US.jpg"
"2021","/iteminfo/cameleon-makeup-kit-396-48x-eyeshadow-24x-lip-color-2x-pressed-powder-4x-blusher-5x-applicator","//d3pllp7nz3wmw5.cloudfront.net/product_images/08955868514_EBAY_SMALL_US.jpg"
"2395","/iteminfo/cameleon-makeup-kit-398-72x-eyeshadow-2x-powder-3x-blush-8x-lipgloss-1x-mini-mascara-6x-applicator","//d3pllp7nz3wmw5.cloudfront.net/product_images/14723768514_EBAY_SMALL_US.jpg"
"1516","/iteminfo/cameleon-makeup-kit-g1665-%3A-48xeyeshadow-4xblush-6xlipgloss-4xbrush","//d3pllp7nz3wmw5.cloudfront.net/product_images/03986668514_EBAY_SMALL_US.jpg"
"8795","/iteminfo/urban-decay-naked-3-eyeshadow-palette-12x-eyeshadow-1x-doubled-ended-shadow-blending-brush","//d3pllp7nz3wmw5.cloudfront.net/product_images/20396870914_EBAY_SMALL_US.jpg"
"7895","/iteminfo/urban-decay-naked-eyeshadow-palette-12x-eyeshadow-1x-doubled-ended-shadowblending-brush","//d3pllp7nz3wmw5.cloudfront.net/product_images/20905270914_EBAY_SMALL_US.jpg"
"4695","/iteminfo/urban-decay-naked-2-basics-eyeshadow-palette-6x-eyeshadow-cover-frisk-primal-skimp-stark-undone-6x1g","//d3pllp7nz3wmw5.cloudfront.net/product_images/20399170914_EBAY_SMALL_US.jpg"
"8295","/iteminfo/bobbi-brown-bronze-shimmer-brick-set-bronze-shimmer-brick-compact-mini-face-blender-brush-limited-edition-2pcs","//d3pllp7nz3wmw5.cloudfront.net/product_images/09302726514_EBAY_SMALL_US.jpg"
"5595","/iteminfo/youngblood-purely-the-basics-kit-nomedium-2xfoundation-1xmineral-blush-1xsetting-powder-1xbrush-1xmineral-powder-6pcs","//d3pllp7nz3wmw5.cloudfront.net/product_images/1605_stock_EBAY_SMALL_US.jpg"
"1371","/iteminfo/cameleon-makeup-kit-g1672-2-%3A-24xeshdw-1xepencil-4xlgloss-4xblush-2xpressed-pwd","//d3pllp7nz3wmw5.cloudfront.net/product_images/03985768514_EBAY_SMALL_US.jpg"
"8795","/iteminfo/urban-decay-naked-2-eyeshadow-palette-12x-eyeshadow-1x-doubled-ended-shadow-blending-brush","//d3pllp7nz3wmw5.cloudfront.net/product_images/20396770914_EBAY_SMALL_US.jpg"
"3295","/iteminfo/tweezerman-petite-tweeze-set-1","//d3pllp7nz3wmw5.cloudfront.net/product_images/11950030014_EBAY_SMALL_US.jpg"
"3295","/iteminfo/tweezerman-petite-tweeze-set-2","//d3pllp7nz3wmw5.cloudfront.net/product_images/11496430014_EBAY_SMALL_US.jpg"
"1039","/iteminfo/loreal-infaillible-total-cover-concealer-palette-10g","//d3pllp7nz3wmw5.cloudfront.net/product_images/21637151114_EBAY_SMALL_US.jpg"
"2695","/iteminfo/dejavu-fiberwig-ultra-long-mascara-and-tiny-sniper-mascara-set-pure-black-2pcs","//d3pllp7nz3wmw5.cloudfront.net/product_images/20704451702_EBAY_SMALL_US.jpg"
"5695","/iteminfo/bobbi-brown-rose-shimmer-brick-set","//d3pllp7nz3wmw5.cloudfront.net/product_images/10522026514_EBAY_SMALL_US.jpg"
"1227","/iteminfo/cameleon-makeup-kit-g0139-2-%3A-18x-eyeshadow-2x-blusher-2x-pressed-powder-4x-lipgloss","//d3pllp7nz3wmw5.cloudfront.net/product_images/05590768514_EBAY_SMALL_US.jpg"
"1371","/iteminfo/tweezerman-combo-clipper-set-2pcs","//d3pllp7nz3wmw5.cloudfront.net/product_images/16861030014_EBAY_SMALL_US.jpg"
"3295","/iteminfo/tweezerman-petite-tweeze-set","//d3pllp7nz3wmw5.cloudfront.net/product_images/07011030014_EBAY_SMALL_US.jpg"
"6295","/iteminfo/billion-dollar-brows-take-back-your-brows-kit-1x-brow-buddy-1x-universal-brow-pencil-1x-tweezers-1x-scissors-4pcs","//d3pllp7nz3wmw5.cloudfront.net/product_images/16440131914_EBAY_SMALL_US.jpg"
"1371","/iteminfo/bys-eyeshadow-palette-12x-eyeshadow-2x-applicator-smokey-12g","//d3pllp7nz3wmw5.cloudfront.net/product_images/20931867414_EBAY_SMALL_US.jpg"
"1516","/iteminfo/arezia-makeup-kit-mk-0276-22x-eyeshadow-2x-blusher-1x-compact-powder-6x-lipgloss-57g","//d3pllp7nz3wmw5.cloudfront.net/product_images/10263194714_EBAY_SMALL_US.jpg"
"8795","/iteminfo/urban-decay-naked-smoky-eyeshadow-palette-12x-eyeshadow-1x-doubled-ended-smoky-smudgertapered-crease-brush","//d3pllp7nz3wmw5.cloudfront.net/product_images/20882470914_EBAY_SMALL_US.jpg"
"3795","/iteminfo/tweezerman-childrens-care-kit","//d3pllp7nz3wmw5.cloudfront.net/product_images/05460030014_EBAY_SMALL_US.jpg"
"4695","/iteminfo/urban-decay-naked-basics-eyeshadow-palette-6x-eyeshadow-crave-faint-foxy-naked2-venus-walk-of-shame-6x1g","//d3pllp7nz3wmw5.cloudfront.net/product_images/20392070914_EBAY_SMALL_US.jpg"
"1516","/iteminfo/cameleon-laptop-style-makeup-kit-8075-35x-eyeshadow-4x-blusher-2x-powder-cake-6x-lipgloss","//d3pllp7nz3wmw5.cloudfront.net/product_images/19637168514_EBAY_SMALL_US.jpg"
"1877","/iteminfo/tweezerman-professional-nail-clipper-set","//d3pllp7nz3wmw5.cloudfront.net/product_images/16377030014_EBAY_SMALL_US.jpg"
"6295","/iteminfo/arezia-makeup-kit-az-01205-36-colours-of-eyeshadow-4x-blush-3x-brow-powder-2x-powder","//d3pllp7nz3wmw5.cloudfront.net/product_images/05590294714_EBAY_SMALL_US.jpg"
"3095","/iteminfo/tweezerman-mini-brow-rescue-kit","//d3pllp7nz3wmw5.cloudfront.net/product_images/10640230014_EBAY_SMALL_US.jpg"
"8595","/iteminfo/laura-mercier-nude-smoky-eye-palette-collection-1xmascara-1xlip-glace-1xcake-eye-liner-4xeye-colour-3xbrush-10pcs","//d3pllp7nz3wmw5.cloudfront.net/product_images/17568124714_EBAY_SMALL_US.jpg"
"1371","/iteminfo/cameleon-makeup-kit-g1672-1-24xeshdw-1xepencil-4xlgloss-4xblush-2xpressed-pwd","//d3pllp7nz3wmw5.cloudfront.net/product_images/03985668514_EBAY_SMALL_US.jpg"
"1155","/iteminfo/physicians-formula-makeup-set-8661-1x-shimmer-strips-eye-enhancing-shadow-1x-powder-palette-1x-applicator-3pcs","//d3pllp7nz3wmw5.cloudfront.net/product_images/19831564414_EBAY_SMALL_US.jpg"
"1227","/iteminfo/cameleon-makeup-kit-g0139-1-%3A-18x-eyeshadow-2x-blusher-2x-pressed-powder-4x-lipgloss","//d3pllp7nz3wmw5.cloudfront.net/product_images/05590668514_EBAY_SMALL_US.jpg"
"3295","/iteminfo/tweezerman-professional-petite-tweeze-set","//d3pllp7nz3wmw5.cloudfront.net/product_images/14445630014_EBAY_SMALL_US.jpg"
"2495","/iteminfo/billion-dollar-brows-60-seconds-to-beautiful-brows-kit-1x-brow-powder-1x-dual-ended-brow-brush-taupe-2pcs","//d3pllp7nz3wmw5.cloudfront.net/product_images/20882331914_EBAY_SMALL_US.jpg"
"1299","/iteminfo/arezia-make-up-kit-az-2190-no02-16x-eyeshadow-2x-blusher-2x-compact-powder-4x-lipgloss-3x-applicator-36g","//d3pllp7nz3wmw5.cloudfront.net/product_images/12920694714_EBAY_SMALL_US.jpg"
"4695","/iteminfo/too-faced-love-palette-15x-eye-shadows-1x-eyeliner-14g","//d3pllp7nz3wmw5.cloudfront.net/product_images/21027910714_EBAY_SMALL_US.jpg"
"2021","/iteminfo/cameleon-makeup-kit-deluxe-g2363-66x-eyeshadow-5x-blusher-2x-pressed-powder-4x-lipgloss-3x-applicator","//d3pllp7nz3wmw5.cloudfront.net/product_images/21405168514_EBAY_SMALL_US.jpg"
"7895","/iteminfo/jane-iredale-starter-kit-6-pieces-1xprimer-and-brighter-1xloose-mineral-powder-1xmineral-foundation-nomedium-6pcs","//d3pllp7nz3wmw5.cloudfront.net/product_images/16968703614_EBAY_SMALL_US.jpg"
"8395","/iteminfo/urban-decay-backtalk-eye-and-face-palette-8x-eyeshadow-4x-blushhighlighter","//d3pllp7nz3wmw5.cloudfront.net/product_images/22608870914_EBAY_SMALL_US.jpg"
"3895","/iteminfo/nars-andy-warhol-collection-debbie-harry-eye-and-cheek-palette-4x-eyeshadows-2x-blushes-6pcs","//d3pllp7nz3wmw5.cloudfront.net/product_images/15473202614_EBAY_SMALL_US.jpg"
"4195","/iteminfo/jane-iredale-snappy-brush-wand-crease-brush%2Bsmudge-brush%2Beyeliner-brush-3pcs","//d3pllp7nz3wmw5.cloudfront.net/product_images/16969203609_EBAY_SMALL_US.jpg"
"1227","/iteminfo/cameleon-makeup-kit-g2210a-24x-eyeshadow-2x-compact-powder-3x-blusher-4x-lipgloss","//d3pllp7nz3wmw5.cloudfront.net/product_images/19636968514_EBAY_SMALL_US.jpg"
"8095","/iteminfo/narsissist-cheek-studio-palette-4x-blush-1x-bronzing-powder-2x-contour-blush-29g","//d3pllp7nz3wmw5.cloudfront.net/product_images/20725202614_EBAY_SMALL_US.jpg"
"3795","/iteminfo/tweezerman-petite-tweeze-set-slant-tweezer-point-tweezer-with-pink-leather-case-studio-collection-2pcs","//d3pllp7nz3wmw5.cloudfront.net/product_images/17332230009_EBAY_SMALL_US.jpg"
"1371","/iteminfo/bys-contour-palette-3x-contouring-powder-3x-highlighting-powder-20g","//d3pllp7nz3wmw5.cloudfront.net/product_images/20931967414_EBAY_SMALL_US.jpg"
"7895","/iteminfo/jane-iredale-starter-kit-6-pieces-1xprimer-and-brighter-1xloose-mineral-powder-1xmineral-foundation-nolight-6pcs","//d3pllp7nz3wmw5.cloudfront.net/product_images/16967903614_EBAY_SMALL_US.jpg"
"7895","/iteminfo/jane-iredale-starter-kit-6-pieces-1xprimer-and-brighter-1xloose-mineral-powder-1xmineral-foundation-nomedium-light-6pcs","//d3pllp7nz3wmw5.cloudfront.net/product_images/16968503614_EBAY_SMALL_US.jpg"
"1371","/iteminfo/bys-contour-brow-and-eyeshadow-palette-essentials-15g","//d3pllp7nz3wmw5.cloudfront.net/product_images/21344867414_EBAY_SMALL_US.jpg"
"5695","/iteminfo/bareminerals-plushest-touch-5-piece-brush-collection","//d3pllp7nz3wmw5.cloudfront.net/product_images/21486893714_EBAY_SMALL_US.jpg"
"4695","/iteminfo/too-faced-pretty-little-planner-best-year-ever-2018-eyeshadow-palette","//d3pllp7nz3wmw5.cloudfront.net/product_images/22664810714_EBAY_SMALL_US.jpg"
"7895","/iteminfo/jane-iredale-starter-kit-6-pieces-1xprimer-and-brighter-1xloose-mineral-powder-1xmineral-foundation-nomedium-dark-6pcs","//d3pllp7nz3wmw5.cloudfront.net/product_images/16968903614_EBAY_SMALL_US.jpg"
"3795","/iteminfo/tweezerman-petite-tweeze-set-slant-tweezer-point-tweezer-with-lavendar-leather-case-studio-collection-2pcs","//d3pllp7nz3wmw5.cloudfront.net/product_images/17332130009_EBAY_SMALL_US.jpg"
"4995","/iteminfo/tweezerman-professional-petite-tweeze-set-slant-tweezer-point-tweezer-regency-finish-w-silver-leather-case-2pcs","//d3pllp7nz3wmw5.cloudfront.net/product_images/18200830009_EBAY_SMALL_US.jpg"
"1155","/iteminfo/physicians-formula-makeup-set-8658-1x-shimmer-strips-eye-enhancing-shadow-1x-covertoxten50-face-powder-1x-applicator-3pcs","//d3pllp7nz3wmw5.cloudfront.net/product_images/19831364414_EBAY_SMALL_US.jpg"
"3195","/iteminfo/clinique-chubby-lash-fattening-mascara-set-1x-mascara-1x-eye-cream-1x-makeup-remover-3pcs","//d3pllp7nz3wmw5.cloudfront.net/product_images/21028280414_EBAY_SMALL_US.jpg"
"6695","/iteminfo/bobbi-brown-instant-pretty-eye-and-cheek-palette-3x-eye-shadow-1x-metallic-eye-shadow-1x-blush-1x-mini-eye-shadow-brush","//d3pllp7nz3wmw5.cloudfront.net/product_images/20775626514_EBAY_SMALL_US.jpg"
"5595","/iteminfo/bare-escentuals-bareminerals-face-fashion-collection-the-look-of-now-pretty-wild-blush-2x-eye-color-mascara-lipcolor-5pcs","//d3pllp7nz3wmw5.cloudfront.net/product_images/12607893714_EBAY_SMALL_US.jpg"
"5095","/iteminfo/smashbox-step-by-step-contour-kit-1-x-contour-palette-1-x-contour-brush-117g","//d3pllp7nz3wmw5.cloudfront.net/product_images/14217196814_EBAY_SMALL_US.jpg"
"2495","/iteminfo/cargo-around-the-world-eye-shadow-palette-12x-eye-shadow-1x-shadow-brush-12x0g","//d3pllp7nz3wmw5.cloudfront.net/product_images/20818839314_EBAY_SMALL_US.jpg"
"2021","/iteminfo/thebalm-autobalm-face-palette-nohawaii","//d3pllp7nz3wmw5.cloudfront.net/product_images/19844505202_EBAY_SMALL_US.jpg"
"5595","/iteminfo/laura-mercier-travel-brush-kit-1x-cheek-colour-brush-1x-smudge-brush-1x-eye-crease-brush-1x-case-unboxed-3pcs%2B1case","//d3pllp7nz3wmw5.cloudfront.net/product_images/19615524714_EBAY_SMALL_US.jpg"
"4695","/iteminfo/bareminerals-get-started-mineral-foundation-kit-no08-light-4pcs","//d3pllp7nz3wmw5.cloudfront.net/product_images/21530893714_EBAY_SMALL_US.jpg"
"2195","/iteminfo/loreal-color-riche-lip-palette-6g","//d3pllp7nz3wmw5.cloudfront.net/product_images/21637351114_EBAY_SMALL_US.jpg"
"3195","/iteminfo/elizabeth-arden-bronze-in-the-city-color-collection-4pcs","//d3pllp7nz3wmw5.cloudfront.net/product_images/22008380514_EBAY_SMALL_US.jpg"
"8095","/iteminfo/kevyn-aucoin-the-essential-eye-shadow-set-palette-no2-1g","//d3pllp7nz3wmw5.cloudfront.net/product_images/13498820214_EBAY_SMALL_US.jpg"
"8295","/iteminfo/laura-mercier-classic-smoky-eye-palette-collection-1xmascara-1xlip-glace-1xcake-eye-liner-4xeye-colour-3xbrush-10pcs","//d3pllp7nz3wmw5.cloudfront.net/product_images/17678724714_EBAY_SMALL_US.jpg"
"1371","/iteminfo/bys-eyeshadow-palette-12x-eyeshadow-2x-applicator-nude-12g","//d3pllp7nz3wmw5.cloudfront.net/product_images/20931667414_EBAY_SMALL_US.jpg"
"4795","/iteminfo/thebalm-meet-matte-trimony-matte-eyeshadow-palette-21g","//d3pllp7nz3wmw5.cloudfront.net/product_images/21185105202_EBAY_SMALL_US.jpg"
"1804","/iteminfo/ybf-beauty-rock-the-croc-eyeshadow-palette-12x-eyeshadow-1x-double-ended-eyeshadow-brush-12x0g","//d3pllp7nz3wmw5.cloudfront.net/product_images/21343868314_EBAY_SMALL_US.jpg"
"3895","/iteminfo/jane-iredale-corrective-colors-kit-4x-concealer-1x-applicator-9g","//d3pllp7nz3wmw5.cloudfront.net/product_images/22092703614_EBAY_SMALL_US.jpg"
"2495","/iteminfo/laura-geller-20-shades-of-celebration-baked-eyeshadow-collection-20x0g","//d3pllp7nz3wmw5.cloudfront.net/product_images/22947842714_EBAY_SMALL_US.jpg"
"8095","/iteminfo/kevyn-aucoin-the-essential-eye-shadow-set-palette-no3-1g","//d3pllp7nz3wmw5.cloudfront.net/product_images/14530020214_EBAY_SMALL_US.jpg"
"3095","/iteminfo/tweezerman-mini-brow-rescue-kit-slant-tweezer-browmousse-brow-brush-eyenhance-brow-highlighter-studio-collection-4pcs%2B1case","//d3pllp7nz3wmw5.cloudfront.net/product_images/17332430014_EBAY_SMALL_US.jpg"
"3195","/iteminfo/bourjois-colorboost-glossy-finish-lipstick-set-6pcs","//d3pllp7nz3wmw5.cloudfront.net/product_images/20416229414_EBAY_SMALL_US.jpg"
"1371","/iteminfo/bys-eyeshadow-palette-12x-eyeshadow-2x-applicator-matte-12g","//d3pllp7nz3wmw5.cloudfront.net/product_images/21344667414_EBAY_SMALL_US.jpg"
"1155","/iteminfo/loreal-color-riche-lip-palette-matte-6g","//d3pllp7nz3wmw5.cloudfront.net/product_images/21637251114_EBAY_SMALL_US.jpg"
"4295","/iteminfo/tarte-park-ave-princess-chisel-palette-27g","//d3pllp7nz3wmw5.cloudfront.net/product_images/22090104614_EBAY_SMALL_US.jpg"
"2595","/iteminfo/too-faced-passport-to-bronze-deluxe-bronzers-and-flatbuki-brush-set","//d3pllp7nz3wmw5.cloudfront.net/product_images/22664110714_EBAY_SMALL_US.jpg"
"5895","/iteminfo/kevyn-aucoin-the-lip-and-cheek-palette-3x-lipgloss-1x-cream-blush-1x-lipstick-nopink","//d3pllp7nz3wmw5.cloudfront.net/product_images/13497120214_EBAY_SMALL_US.jpg"
"3695","/iteminfo/tweezerman-petite-tweeze-set-slant-tweezer-point-tweezer-regency-finish-w-silver-leather-case-2pcs","//d3pllp7nz3wmw5.cloudfront.net/product_images/15814330014_EBAY_SMALL_US.jpg"
"1155","/iteminfo/physicians-formula-makeup-set-8660-1x-shimmer-strips-eye-enhancing-shadow-1x-bontanical-bronzer-1x-applicator-3pcs","//d3pllp7nz3wmw5.cloudfront.net/product_images/19831464414_EBAY_SMALL_US.jpg"
"2021","/iteminfo/billion-dollar-brows-glitter-brows-gel-set-2x-glitter-brows-gel-1x-stardust-1x-pixie-2x-3ml","//d3pllp7nz3wmw5.cloudfront.net/product_images/20178231914_EBAY_SMALL_US.jpg"
"8095","/iteminfo/narsissist-lamour-toujours-lamour-eyeshadow-palette-12x-eyeshadow-24g","//d3pllp7nz3wmw5.cloudfront.net/product_images/20995702614_EBAY_SMALL_US.jpg"
"11995","/iteminfo/christian-dior-designer-palette-edition-voyage-2x-blush-5x-eyeshadow-4x-lip-color-3x-applicator-18g","//d3pllp7nz3wmw5.cloudfront.net/product_images/21417280114_EBAY_SMALL_US.jpg"
"1083","/iteminfo/one-direction-make-up-palette-harry","//d3pllp7nz3wmw5.cloudfront.net/product_images/21873241522_EBAY_SMALL_US.jpg"
"1083","/iteminfo/one-direction-make-up-palette-niall","//d3pllp7nz3wmw5.cloudfront.net/product_images/21873541522_EBAY_SMALL_US.jpg"
"9395","/iteminfo/lancome-labsolu-palette-complete-look-noparisienne-chic-20g","//d3pllp7nz3wmw5.cloudfront.net/product_images/22533780914_EBAY_SMALL_US.jpg"
"794","/iteminfo/bys-8-palette-matte-eyeshadow-nomatte-neutrals-8g","//d3pllp7nz3wmw5.cloudfront.net/product_images/22661367414_EBAY_SMALL_US.jpg"
"4895","/iteminfo/nars-andy-warhol-walk-on-the-wild-side-set-1xmini-illuminator-1xmini-nail-polish-1xmini-lip-gloss-3pcs-1","//d3pllp7nz3wmw5.cloudfront.net/product_images/20096702622_EBAY_SMALL_US.jpg"
"5295","/iteminfo/smashbox-la-lights-blush-and-highlight-palette-noculver-city-coral-8g","//d3pllp7nz3wmw5.cloudfront.net/product_images/21298096814_EBAY_SMALL_US.jpg"
"1227","/iteminfo/loreal-color-riche-eyeshadow-palette-gold-7g","//d3pllp7nz3wmw5.cloudfront.net/product_images/21637051114_EBAY_SMALL_US.jpg"
"794","/iteminfo/bys-glitter-eye-creme-palette-no02-le-freak-cest-chic-6g","//d3pllp7nz3wmw5.cloudfront.net/product_images/22661567414_EBAY_SMALL_US.jpg"
"5295","/iteminfo/bare-escentuals-id-bareminerals-eye-color-set-1-x-glimmer-3-x-glimpse-1-x-bag-4pcs-%2B1bag","//d3pllp7nz3wmw5.cloudfront.net/product_images/17621293714_EBAY_SMALL_US.jpg"
"866","/iteminfo/bys-on-the-go-powder-contour-10g","//d3pllp7nz3wmw5.cloudfront.net/product_images/21345167414_EBAY_SMALL_US.jpg"
"1660","/iteminfo/cameleon-makeup-kit-deluxe-g2215-24x-eyeshadow-3x-blusher-2x-pressed-powder-5x-lipgloss-2x-applicator","//d3pllp7nz3wmw5.cloudfront.net/product_images/21405268514_EBAY_SMALL_US.jpg"
"6995","/iteminfo/laura-mercier-extreme-neutrals-eye-shadow-palette-11g","//d3pllp7nz3wmw5.cloudfront.net/product_images/20177924714_EBAY_SMALL_US.jpg"
"4695","/iteminfo/youngblood-illuminate-palette-13g","//d3pllp7nz3wmw5.cloudfront.net/product_images/21433203914_EBAY_SMALL_US.jpg"
"4695","/iteminfo/bareminerals-get-started-mineral-foundation-kit-no18-medium-tan-4pcs","//d3pllp7nz3wmw5.cloudfront.net/product_images/21530993714_EBAY_SMALL_US.jpg"
"4195","/iteminfo/youngblood-mineral-radiance-kit-nosun-kissed-in-malibu-3pcs","//d3pllp7nz3wmw5.cloudfront.net/product_images/21552903914_EBAY_SMALL_US.jpg"
"1371","/iteminfo/bys-eyeshadow-palette-12x-eyeshadow-2x-applicator-peach-12g","//d3pllp7nz3wmw5.cloudfront.net/product_images/22270267414_EBAY_SMALL_US.jpg"
"938","/iteminfo/maybelline-color-contour-lip-palette-no02-blushed-bombshell-5g","//d3pllp7nz3wmw5.cloudfront.net/product_images/22496330014_EBAY_SMALL_US.jpg"
"1155","/iteminfo/bys-festival-eyeshadow-palette-20x-eyeshadow-20x1g","//d3pllp7nz3wmw5.cloudfront.net/product_images/22659767414_EBAY_SMALL_US.jpg"
"6695","/iteminfo/yves-saint-laurent-very-ysl-makeup-palette-silver-edition-1x-blush-2x-lipcolour-4x-eyeshadow-3x-applicator-11g","//d3pllp7nz3wmw5.cloudfront.net/product_images/20989281714_EBAY_SMALL_US.jpg"
"5295","/iteminfo/thebalm-balm-appetit-eyeshadow-palette-13g","//d3pllp7nz3wmw5.cloudfront.net/product_images/21164805214_EBAY_SMALL_US.jpg"
"1371","/iteminfo/bys-creme-contouring-palette-3x-contouring-powder-3x-highlighting-powder-20g","//d3pllp7nz3wmw5.cloudfront.net/product_images/21344767414_EBAY_SMALL_US.jpg"
"1227","/iteminfo/cameleon-makeup-kit-deluxe-g2127-20x-eyeshadow-3x-blusher-2x-pressed-powder-6x-lipgloss-2x-applicator","//d3pllp7nz3wmw5.cloudfront.net/product_images/21405368514_EBAY_SMALL_US.jpg"
"4295","/iteminfo/jane-iredale-pure-and-simple-makeup-kit-nomedium-light","//d3pllp7nz3wmw5.cloudfront.net/product_images/22042503614_EBAY_SMALL_US.jpg"
"6495","/iteminfo/benefit-theyre-real-push-up-and-away-set-2pcs","//d3pllp7nz3wmw5.cloudfront.net/product_images/22173800214_EBAY_SMALL_US.jpg"
"2695","/iteminfo/tweezerman-mini-nail-rescue-4pcs-set-nowith-pink-nail-file-4pcs","//d3pllp7nz3wmw5.cloudfront.net/product_images/22594530014_EBAY_SMALL_US.jpg"
"14695","/iteminfo/lashfood-lash-transformation-system-1x-eyelash-enhancer-1x-lash-primer-1x-mascara-1x-eye-makeup-remover-4pcs","//d3pllp7nz3wmw5.cloudfront.net/product_images/22659557114_EBAY_SMALL_US.jpg"
"866","/iteminfo/bys-colour-correcting-creme-palette-18g","//d3pllp7nz3wmw5.cloudfront.net/product_images/22660667414_EBAY_SMALL_US.jpg"
"794","/iteminfo/bys-8-palette-metallic-eyeshadow-nometallics-browns-8g","//d3pllp7nz3wmw5.cloudfront.net/product_images/22661267414_EBAY_SMALL_US.jpg"
"1155","/iteminfo/bys-glitter-creme-palette-20x-eyeshadow-20x0g","//d3pllp7nz3wmw5.cloudfront.net/product_images/22660067414_EBAY_SMALL_US.jpg"
"1949","/iteminfo/stila-holiday-dreamer-duo-set-1x-aqua-glow-watercolor-blush-1x-stay-all-day-liquid-lipstick-2pcs","//d3pllp7nz3wmw5.cloudfront.net/product_images/22831330214_EBAY_SMALL_US.jpg"
"2995","/iteminfo/billion-dollar-brows-60-seconds-to-contoured-brows","//d3pllp7nz3wmw5.cloudfront.net/product_images/20978831914_EBAY_SMALL_US.jpg"
"6695","/iteminfo/glominerals-globrow-collection-taupe","//d3pllp7nz3wmw5.cloudfront.net/product_images/10087502914_EBAY_SMALL_US.jpg"
"9995","/iteminfo/laura-mercier-candleglow-luminizing-palette-4x-eye-colour-2x-luminizing-face-powder","//d3pllp7nz3wmw5.cloudfront.net/product_images/19622524702_EBAY_SMALL_US.jpg"
"11995","/iteminfo/christian-dior-designer-palette-edition-voyage-harmony-rose-17g","//d3pllp7nz3wmw5.cloudfront.net/product_images/21417380114_EBAY_SMALL_US.jpg"
"1227","/iteminfo/loreal-color-riche-eyeshadow-palette-smoky-7g","//d3pllp7nz3wmw5.cloudfront.net/product_images/21636951114_EBAY_SMALL_US.jpg"
"3295","/iteminfo/bareminerals-paint-the-town-lip-set-2pcs","//d3pllp7nz3wmw5.cloudfront.net/product_images/21576993714_EBAY_SMALL_US.jpg"
"3495","/iteminfo/estee-lauder-the-estee-edit-eyeshadow-palette-21g","//d3pllp7nz3wmw5.cloudfront.net/product_images/21640380614_EBAY_SMALL_US.jpg"
"5695","/iteminfo/lancome-hypnose-doll-eyes-set-doll-eyes-mascara-6mlbi-facil-30mlmini-crayon-5ml-5ml","//d3pllp7nz3wmw5.cloudfront.net/product_images/C-LA-888-03_partheco_EBAY_SMALL_US.jpg"
"5395","/iteminfo/tweezerman-rose-gold-love-story-gift-set-2pcs%2B1bag","//d3pllp7nz3wmw5.cloudfront.net/product_images/21661230014_EBAY_SMALL_US.jpg"
"5595","/iteminfo/make-up-for-ever-pro-sculpting-brow-palette-no1-harmony-1-65g","//d3pllp7nz3wmw5.cloudfront.net/product_images/21649913614_EBAY_SMALL_US.jpg"
"5095","/iteminfo/smashbox-step-by-step-contour-kit-1-x-contour-palette-1-x-contour-brush--deep-mediumdark-45996-117g","//d3pllp7nz3wmw5.cloudfront.net/product_images/21954496814_EBAY_SMALL_US.jpg"
"4295","/iteminfo/jane-iredale-pure-and-simple-makeup-kit-nomedium-dark","//d3pllp7nz3wmw5.cloudfront.net/product_images/22042703614_EBAY_SMALL_US.jpg"
"8695","/iteminfo/bobbi-brown-sandy-nude-eye-palette-10g","//d3pllp7nz3wmw5.cloudfront.net/product_images/22105826514_EBAY_SMALL_US.jpg"
"10695","/iteminfo/sulwhasoo-essential-lip-serum-stick-set-no3-no4-no5-3x3g","//d3pllp7nz3wmw5.cloudfront.net/product_images/22211501314_EBAY_SMALL_US.jpg"
"6495","/iteminfo/tweezerman-professional-manicure-kit-4pcs","//d3pllp7nz3wmw5.cloudfront.net/product_images/21855030014_EBAY_SMALL_US.jpg"
"11695","/iteminfo/chanel-palette-essentielle-conceal-highlight-and-color-no150-beige-clair-9g","//d3pllp7nz3wmw5.cloudfront.net/product_images/22187580214_EBAY_SMALL_US.jpg"
"1371","/iteminfo/bys-eyeshadow-palette-12x-eyeshadow-2x-applicator-cosmic-12g","//d3pllp7nz3wmw5.cloudfront.net/product_images/22269967414_EBAY_SMALL_US.jpg"
"1371","/iteminfo/bys-eyeshadow-palette-12x-eyeshadow-2x-applicator-metals-12g","//d3pllp7nz3wmw5.cloudfront.net/product_images/22270067414_EBAY_SMALL_US.jpg"
"794","/iteminfo/covergirl-katy-kat-eye-mascara-perfect-point-plus-eye-pencil-2pcs","//d3pllp7nz3wmw5.cloudfront.net/product_images/22488767514_EBAY_SMALL_US.jpg"
"2207","/iteminfo/tweezerman-micro-mini-palette-4pcs","//d3pllp7nz3wmw5.cloudfront.net/product_images/22565830014_EBAY_SMALL_US.jpg"
"866","/iteminfo/bys-concealer-creme-palette-18g","//d3pllp7nz3wmw5.cloudfront.net/product_images/22660767414_EBAY_SMALL_US.jpg"
"2093","/iteminfo/bys-eyeshadow-palette-24x-eyeshadow-2x-applicator-nude-exposed-24g","//d3pllp7nz3wmw5.cloudfront.net/product_images/22660967414_EBAY_SMALL_US.jpg"
"866","/iteminfo/bys-highlighting-powder-palette-18g","//d3pllp7nz3wmw5.cloudfront.net/product_images/22661067414_EBAY_SMALL_US.jpg"
"3295","/iteminfo/too-faced-naughty-kisses-and-sweet-cheeks-set","//d3pllp7nz3wmw5.cloudfront.net/product_images/22664710714_EBAY_SMALL_US.jpg"
"2895","/iteminfo/cargo-travel-gel-lip-color-kit-6x2g","//d3pllp7nz3wmw5.cloudfront.net/product_images/22666239314_EBAY_SMALL_US.jpg"
"6495","/iteminfo/becca-ocean-jewels-highlighter-palette-145g","//d3pllp7nz3wmw5.cloudfront.net/product_images/22733903214_EBAY_SMALL_US.jpg"
"5895","/iteminfo/becca-glow-essentials-kit-4pcs","//d3pllp7nz3wmw5.cloudfront.net/product_images/22734103214_EBAY_SMALL_US.jpg"
"2495","/iteminfo/laura-geller-the-delectables-eye-shadow-palette-nodelicious-shades-of-nude-14x0g","//d3pllp7nz3wmw5.cloudfront.net/product_images/noimage_LRG.png"
"3295","/iteminfo/laura-geller-lights-of-venice-an-8-piece-luminous-beauty-collection-nomedium-8pcs","//d3pllp7nz3wmw5.cloudfront.net/product_images/22955142714_EBAY_SMALL_US.jpg"
"3295","/iteminfo/laura-geller-mediterranean-journey-a-6-piece-collectin-of-sultry-color-essentials-nomedium-6pcs","//d3pllp7nz3wmw5.cloudfront.net/product_images/22955342714_EBAY_SMALL_US.jpg"
"12695","/iteminfo/kanebo-cheek-and-lip-makeup-set-with-pink-cosmetic-bag-2xcheek-color-3xmode-gloss-1xbrush-1xcosmetic-bag-6pcs%2B1bag","//d3pllp7nz3wmw5.cloudfront.net/product_images/17641980814_EBAY_SMALL_US.jpg"
"5595","/iteminfo/bareminerals-take-me-with-you-complexion-rescue-try-me-set-no03-buttercream-3pcs%2B1bag","//d3pllp7nz3wmw5.cloudfront.net/product_images/21577493714_EBAY_SMALL_US.jpg"
"5195","/iteminfo/youngblood-mineral-radiance-kit-nobronzed-in-santa-barbara-3pcs","//d3pllp7nz3wmw5.cloudfront.net/product_images/21553003914_EBAY_SMALL_US.jpg"
"5695","/iteminfo/lancome-grandiose-the-wide-angle-mascara-set-grandiose-mascara-10grmini-crayon-01khol-0grbi-facil-30ml-7ml","//d3pllp7nz3wmw5.cloudfront.net/product_images/C-LA-059-04_partheco_EBAY_SMALL_US.jpg"
"5595","/iteminfo/narsissist-hardwired-eye-kit-8g","//d3pllp7nz3wmw5.cloudfront.net/product_images/21640502614_EBAY_SMALL_US.jpg"
"5395","/iteminfo/tweezerman-alluring-eyes-gift-set-2pcs%2B1-bag","//d3pllp7nz3wmw5.cloudfront.net/product_images/18104730014_EBAY_SMALL_US.jpg"
"1083","/iteminfo/one-direction-make-up-palette-liam","//d3pllp7nz3wmw5.cloudfront.net/product_images/21873341522_EBAY_SMALL_US.jpg"
"1083","/iteminfo/one-direction-make-up-palette-louis","//d3pllp7nz3wmw5.cloudfront.net/product_images/21873441522_EBAY_SMALL_US.jpg"
"5695","/iteminfo/clarins-instant-light-natural-lip-perfector-trio-limited-edition-3pcs","//d3pllp7nz3wmw5.cloudfront.net/product_images/21750480314_EBAY_SMALL_US.jpg"
"5295","/iteminfo/smashbox-la-lights-blush-and-highlight-palette-nopacific-coast-pink-8g","//d3pllp7nz3wmw5.cloudfront.net/product_images/21953696814_EBAY_SMALL_US.jpg"
"5495","/iteminfo/smashbox-spotlight-palette-pearl-81g","//d3pllp7nz3wmw5.cloudfront.net/product_images/21954296814_EBAY_SMALL_US.jpg"
"5395","/iteminfo/smashbox-casey-holmes-spotlight-palette-gold-81g","//d3pllp7nz3wmw5.cloudfront.net/product_images/21954396814_EBAY_SMALL_US.jpg"
"6195","/iteminfo/laura-mercier-bisous-lip-glace-collection-5x2g","//d3pllp7nz3wmw5.cloudfront.net/product_images/22046424714_EBAY_SMALL_US.jpg"
"4295","/iteminfo/jane-iredale-pure-and-simple-makeup-kit-nolight","//d3pllp7nz3wmw5.cloudfront.net/product_images/22042403614_EBAY_SMALL_US.jpg"
"4295","/iteminfo/jane-iredale-pure-and-simple-makeup-kit-nomedium","//d3pllp7nz3wmw5.cloudfront.net/product_images/22042603614_EBAY_SMALL_US.jpg"
"1660","/iteminfo/cargo-wanderlust-eye-shadow-palette-12x-eye-shadow-1x-shadow-brush-12x0g","//d3pllp7nz3wmw5.cloudfront.net/product_images/22114339314_EBAY_SMALL_US.jpg"
"4595","/iteminfo/clarins-mascara-supra-volume-set-3pcs","//d3pllp7nz3wmw5.cloudfront.net/product_images/22175680314_EBAY_SMALL_US.jpg"
"6095","/iteminfo/tweezerman-glitz-and-glam-gift-set-4pcs","//d3pllp7nz3wmw5.cloudfront.net/product_images/22564930014_EBAY_SMALL_US.jpg"
"11695","/iteminfo/guerlain-meteorites-my-palette-light-revealing-powder-blush-and-highlighter-18g","//d3pllp7nz3wmw5.cloudfront.net/product_images/22540380714_EBAY_SMALL_US.jpg"
"11195","/iteminfo/guerlain-meteorites-travelling-pearls-light-revealing-pearls-of-powder-duo-set-no2-light-2x8g","//d3pllp7nz3wmw5.cloudfront.net/product_images/22540480714_EBAY_SMALL_US.jpg"
"14695","/iteminfo/lashfood-browfood-brow-transformation-system-nobrunette-lightmedium-5pcs","//d3pllp7nz3wmw5.cloudfront.net/product_images/22659257114_EBAY_SMALL_US.jpg"
"866","/iteminfo/bys-bronzing-powder-palette-18g","//d3pllp7nz3wmw5.cloudfront.net/product_images/22660567414_EBAY_SMALL_US.jpg"
"3195","/iteminfo/too-faced-let-it-glow-highlight-and-blush-kit","//d3pllp7nz3wmw5.cloudfront.net/product_images/22664210702_EBAY_SMALL_US.jpg"
"2495","/iteminfo/cargo-contour-palette-nomalibu-3x6g","//d3pllp7nz3wmw5.cloudfront.net/product_images/22665739314_EBAY_SMALL_US.jpg"
"2495","/iteminfo/cargo-contour-palette-nomonaco-3x6g","//d3pllp7nz3wmw5.cloudfront.net/product_images/22665839314_EBAY_SMALL_US.jpg"
"7095","/iteminfo/smashbox-step-by-step-contour-stick-trio-set-3x3g","//d3pllp7nz3wmw5.cloudfront.net/product_images/22540196814_EBAY_SMALL_US.jpg"
"1227","/iteminfo/cargo-swimmables-eye-liner-trio-3x0g","//d3pllp7nz3wmw5.cloudfront.net/product_images/22666139314_EBAY_SMALL_US.jpg"
"2395","/iteminfo/cargo-swimmables-longwear-eye-kit-endless-summer-3pcs","//d3pllp7nz3wmw5.cloudfront.net/product_images/22666439314_EBAY_SMALL_US.jpg"
"5095","/iteminfo/becca-ocean-jewels-eye-palette-14g","//d3pllp7nz3wmw5.cloudfront.net/product_images/22734003214_EBAY_SMALL_US.jpg"
"1588","/iteminfo/cargo-enjoy-your-journey-eyeshadow-palette-11g","//d3pllp7nz3wmw5.cloudfront.net/product_images/22665939314_EBAY_SMALL_US.jpg"
"650","/iteminfo/bys-8-palette-eyeshadow-nothink-pink-8g","//d3pllp7nz3wmw5.cloudfront.net/product_images/22730867414_EBAY_SMALL_US.jpg"
"3995","/iteminfo/stila-morning-to-moonlight-waterproof-eye-liner-trio-3pcs","//d3pllp7nz3wmw5.cloudfront.net/product_images/22830930214_EBAY_SMALL_US.jpg"
"3095","/iteminfo/laura-geller-31-shades-eye-shadow-collection-31x0g","//d3pllp7nz3wmw5.cloudfront.net/product_images/noimage_LRG.png"
"3295","/iteminfo/laura-geller-chocolate-delights-6-piece-full-size-face-collection-nomedium-6pcs","//d3pllp7nz3wmw5.cloudfront.net/product_images/noimage_LRG.png"
"3295","/iteminfo/laura-geller-for-the-love-of-chocolate-a-7-piece-collection-of-chocolate-beauty-delights-nomedium-7pcs","//d3pllp7nz3wmw5.cloudfront.net/product_images/noimage_LRG.png"
"5295","/iteminfo/kanebo-lip-gloss-set-with-blue-cosmetic-bag-3xmode-gloss-1xcosmetic-bag-3pcs%2B1bag","//d3pllp7nz3wmw5.cloudfront.net/product_images/17641880814_EBAY_SMALL_US.jpg"
"9495","/iteminfo/yves-saint-laurent-couture-brow-palette-no2-medium-to-dark-3g","//d3pllp7nz3wmw5.cloudfront.net/product_images/21318081702_EBAY_SMALL_US.jpg"
"10095","/iteminfo/guerlain-kisskiss-from-paris-lip-contouring-palette-no001-passionate-kiss-3g","//d3pllp7nz3wmw5.cloudfront.net/product_images/21258180702_EBAY_SMALL_US.jpg"
"6195","/iteminfo/laura-mercier-lightstruck-prismatic-glow-palette-16g","//d3pllp7nz3wmw5.cloudfront.net/product_images/21489424714_EBAY_SMALL_US.jpg"
"5595","/iteminfo/bareminerals-take-me-with-you-complexion-rescue-try-me-set-no01-opal-3pcs%2B1bag","//d3pllp7nz3wmw5.cloudfront.net/product_images/21577293714_EBAY_SMALL_US.jpg"
"5595","/iteminfo/bareminerals-take-me-with-you-complexion-rescue-try-me-set-no02-vanilla-3pcs%2B1bag","//d3pllp7nz3wmw5.cloudfront.net/product_images/21577393714_EBAY_SMALL_US.jpg"
"5595","/iteminfo/bareminerals-take-me-with-you-complexion-rescue-try-me-set-no09-chestnut-3pcs%2B1bag","//d3pllp7nz3wmw5.cloudfront.net/product_images/21577793714_EBAY_SMALL_US.jpg"
"1083","/iteminfo/one-direction-make-up-palette-zayn","//d3pllp7nz3wmw5.cloudfront.net/product_images/21873741522_EBAY_SMALL_US.jpg"
"11695","/iteminfo/yves-saint-laurent-couture-variation-collector-10-colour-lip-and-eye-palette-no5-nothing-is-forbidden-5g","//d3pllp7nz3wmw5.cloudfront.net/product_images/21675081714_EBAY_SMALL_US.jpg"
"6395","/iteminfo/tweezerman-brow-beauty-essentials-kit-3pcs%2B1bag","//d3pllp7nz3wmw5.cloudfront.net/product_images/21855130014_EBAY_SMALL_US.jpg"
"4695","/iteminfo/bareminerals-get-started-mineral-foundation-kit-no07-golden-ivory-4pcs","//d3pllp7nz3wmw5.cloudfront.net/product_images/21914893714_EBAY_SMALL_US.jpg"
"5295","/iteminfo/smashbox-la-lights-blush-and-highlight-palette-nomalibu-berry-8g","//d3pllp7nz3wmw5.cloudfront.net/product_images/21953796814_EBAY_SMALL_US.jpg"
"6695","/iteminfo/laura-mercier-the-art-of-exotic-colour-collection","//d3pllp7nz3wmw5.cloudfront.net/product_images/22046624714_EBAY_SMALL_US.jpg"
"7695","/iteminfo/bobbi-brown-lip-color-trio-no1-salmon-no6-pink-no22-sandwash-pink-3x3g","//d3pllp7nz3wmw5.cloudfront.net/product_images/22105926514_EBAY_SMALL_US.jpg"
"4595","/iteminfo/lipstick-queen-smokey-lip-kit-nopinky-nude-2x3g","//d3pllp7nz3wmw5.cloudfront.net/product_images/22135544014_EBAY_SMALL_US.jpg"
"4595","/iteminfo/lipstick-queen-smokey-lip-kit-nobright-natural-2x3g","//d3pllp7nz3wmw5.cloudfront.net/product_images/22135744014_EBAY_SMALL_US.jpg"
"1371","/iteminfo/bys-eyeshadow-palette-12x-eyeshadow-2x-applicator-fantasy-12g","//d3pllp7nz3wmw5.cloudfront.net/product_images/22270167414_EBAY_SMALL_US.jpg"
"1371","/iteminfo/bys-sculpt-and-glow-palette-highlight-bronze-and-blush-18g","//d3pllp7nz3wmw5.cloudfront.net/product_images/22270367414_EBAY_SMALL_US.jpg"
"13095","/iteminfo/bobbi-brown-luxe-lip-color-trio-no20-retro-coral-no26-retro-red-no29-sunset-orange-3x3g","//d3pllp7nz3wmw5.cloudfront.net/product_images/22319926514_EBAY_SMALL_US.jpg"
"6495","/iteminfo/tweezerman-sparkle-and-shine-gift-set-4pcs","//d3pllp7nz3wmw5.cloudfront.net/product_images/22565030014_EBAY_SMALL_US.jpg"
"4495","/iteminfo/tweezerman-rose-gold-glam-up-gift-set-2pcs","//d3pllp7nz3wmw5.cloudfront.net/product_images/22582730014_EBAY_SMALL_US.jpg"
"14695","/iteminfo/lashfood-browfood-brow-transformation-system-nodark-brunette-mediumdark-5pcs","//d3pllp7nz3wmw5.cloudfront.net/product_images/22660157114_EBAY_SMALL_US.jpg"
"6495","/iteminfo/by-terry-sun-designer-palette-sunkiss-powders-bronzer-blush-highlighter-no5-happy-chic-15g","//d3pllp7nz3wmw5.cloudfront.net/product_images/22642210814_EBAY_SMALL_US.jpg"
"6495","/iteminfo/by-terry-sun-designer-palette-sunkiss-powders-bronzer-blush-highlighter-no6-happy-sun-15g","//d3pllp7nz3wmw5.cloudfront.net/product_images/22642310814_EBAY_SMALL_US.jpg"
"9195","/iteminfo/estee-lauder-travel-in-color-makeup-palette-4x-eyeshadow-4x-lipcolor-1x-blush-1x-mascara-1x-eye-pencil","//d3pllp7nz3wmw5.cloudfront.net/product_images/22669580614_EBAY_SMALL_US.jpg"
"8095","/iteminfo/smashbox-full-exposure-eyeshadow-palette-14g","//d3pllp7nz3wmw5.cloudfront.net/product_images/22702496814_EBAY_SMALL_US.jpg"
"7695","/iteminfo/smashbox-photo-matte-eyes-shadow-liner-brow-power-palette-14g","//d3pllp7nz3wmw5.cloudfront.net/product_images/22702596814_EBAY_SMALL_US.jpg"
"1949","/iteminfo/cargo-hd-picture-perfect-illuminating-palette-3x3g","//d3pllp7nz3wmw5.cloudfront.net/product_images/22665639314_EBAY_SMALL_US.jpg"
"2895","/iteminfo/bys-essentials-exposed-palette-face-eye-and-brow-1x-applicator-24g","//d3pllp7nz3wmw5.cloudfront.net/product_images/22661167414_EBAY_SMALL_US.jpg"
"2395","/iteminfo/cargo-swimmables-longwear-eye-kit-sun-kissed-3pcs","//d3pllp7nz3wmw5.cloudfront.net/product_images/22666539314_EBAY_SMALL_US.jpg"
"5695","/iteminfo/smashbox-get-framed-eye-duo-set-1x-full-exposure-mascara-1x-brow-tech-to-go-2pcs","//d3pllp7nz3wmw5.cloudfront.net/product_images/22702696814_EBAY_SMALL_US.jpg"
"650","/iteminfo/bys-glitter-eye-creme-palette-no04-razzle-dazzle-6g","//d3pllp7nz3wmw5.cloudfront.net/product_images/22730967414_EBAY_SMALL_US.jpg"
"6495","/iteminfo/becca-be-a-light-face-palette-nomedium-to-deep-15g","//d3pllp7nz3wmw5.cloudfront.net/product_images/22733803214_EBAY_SMALL_US.jpg"
"2495","/iteminfo/cargo-mascara-kit-3pcs","//d3pllp7nz3wmw5.cloudfront.net/product_images/22666339314_EBAY_SMALL_US.jpg"
"3295","/iteminfo/cargo-eye-contour-eye-shadow-palette-no01-10g","//d3pllp7nz3wmw5.cloudfront.net/product_images/22803439314_EBAY_SMALL_US.jpg"
"3295","/iteminfo/cargo-eye-contour-eye-shadow-palette-no02-10g","//d3pllp7nz3wmw5.cloudfront.net/product_images/22803539314_EBAY_SMALL_US.jpg"
"8095","/iteminfo/guerlain-meteorites-travelling-pearls-illuminating-pearls-of-powder-and-blush-duo-set-2x8g","//d3pllp7nz3wmw5.cloudfront.net/product_images/22664080714_EBAY_SMALL_US.jpg"
"5095","/iteminfo/elizabeth-arden-bronze-in-the-city-color-collection-box-slightly-damaged-4pcs","//d3pllp7nz3wmw5.cloudfront.net/product_images/noimage_LRG.png"
"1804","/iteminfo/bourjois-eyeshadow-palette-no02-le-smoky-8x-eyeshadow-1x-double-ended-applicator-4g","//d3pllp7nz3wmw5.cloudfront.net/product_images/22912929414_EBAY_SMALL_US.jpg"
"3495","/iteminfo/cargo-havana-nights-eye-shadow-palette-12x-eyeshadow-1x-dual-end-brush-12x0g","//d3pllp7nz3wmw5.cloudfront.net/product_images/22810839314_EBAY_SMALL_US.jpg"
"3295","/iteminfo/cargo-hd-picture-perfect-gradient-eye-shadow-palette-4x-eyeshadow-4x3g","//d3pllp7nz3wmw5.cloudfront.net/product_images/22891539314_EBAY_SMALL_US.jpg"
"3495","/iteminfo/cargo-the-essentials-eyeshadow-palette-12x-eyeshadow-1x-eye-liner-pencil-1x-dual-ended-brush","//d3pllp7nz3wmw5.cloudfront.net/product_images/22889339314_EBAY_SMALL_US.jpg"
"4495","/iteminfo/stila-stay-all-day-foundation-concealer-and-brush-kit-no1-bare-2pcs","//d3pllp7nz3wmw5.cloudfront.net/product_images/20972830202_EBAY_SMALL_US.jpg"
"2195","/iteminfo/stila-bright-and-bold-stay-all-day-liquid-lipstick-set-3x1ml","//d3pllp7nz3wmw5.cloudfront.net/product_images/22830330214_EBAY_SMALL_US.jpg"
"11995","/iteminfo/guerlain-meteorites-travelling-compact-light-revealing-powder-and-brush-2-clairlight-2pcs","//d3pllp7nz3wmw5.cloudfront.net/product_images/22956080702_EBAY_SMALL_US.jpg"
"2495","/iteminfo/laura-geller-the-delectables-eye-shadow-palette-nodelicious-shades-of-cool-14x-0g","//d3pllp7nz3wmw5.cloudfront.net/product_images/noimage_LRG.png"
"2495","/iteminfo/laura-geller-the-delectables-eye-shadow-palette-nosmokey-neutrals-14x0g","//d3pllp7nz3wmw5.cloudfront.net/product_images/noimage_LRG.png"
"3295","/iteminfo/laura-geller-chocolate-delights-6-piece-full-size-face-collection-nofair-6pcs","//d3pllp7nz3wmw5.cloudfront.net/product_images/noimage_LRG.png"
"2395","/iteminfo/laura-geller-drink-up-4-piece-hydrating-essentials-collection-4pcs","//d3pllp7nz3wmw5.cloudfront.net/product_images/22954442714_EBAY_SMALL_US.jpg"
"3295","/iteminfo/laura-geller-for-the-love-of-chocolate-a-7-piece-collection-of-chocolate-beauty-delights-nofair-7pcs","//d3pllp7nz3wmw5.cloudfront.net/product_images/noimage_LRG.png"
"3295","/iteminfo/laura-geller-for-the-love-of-chocolate-a-7-piece-collection-of-chocolate-beauty-delights-notan-7pcs","//d3pllp7nz3wmw5.cloudfront.net/product_images/noimage_LRG.png"
"2021","/iteminfo/laura-geller-lauras-star-performers-full-size-foundation-and-bronzer-nofair-2pcs","//d3pllp7nz3wmw5.cloudfront.net/product_images/noimage_LRG.png"
"2695","/iteminfo/laura-geller-les-petites-treats-a-4-piece-patisserie-inspired-collection-nomedium-4pcs","//d3pllp7nz3wmw5.cloudfront.net/product_images/noimage_LRG.png"
"2695","/iteminfo/laura-geller-les-petites-treats-a-4-piece-patisserie-inspired-collection-notan-4pcs","//d3pllp7nz3wmw5.cloudfront.net/product_images/noimage_LRG.png"
"3995","/iteminfo/laura-geller-roman-holiday-a-8-piece-collection-nofair-8pcs","//d3pllp7nz3wmw5.cloudfront.net/product_images/22953942714_EBAY_SMALL_US.jpg"
"3995","/iteminfo/laura-geller-roman-holiday-a-8-piece-collection-nomedium-8pcs","//d3pllp7nz3wmw5.cloudfront.net/product_images/noimage_LRG.png"
"3295","/iteminfo/laura-geller-mediterranean-journey-a-6-piece-collectin-of-sultry-color-essentials-nofair-6pcs","//d3pllp7nz3wmw5.cloudfront.net/product_images/noimage_LRG.png"
"5795","/iteminfo/laura-geller-so-scrumptious-6-piece-full-size-beauty-collection-nofair-box-slightly-damaged-6pcs","//d3pllp7nz3wmw5.cloudfront.net/product_images/22981542714_EBAY_SMALL_US.jpg"
"9695","/iteminfo/the-organic-pharmacy-organic-glam-nude-sparkle-palette-9g","//d3pllp7nz3wmw5.cloudfront.net/product_images/noimage_LRG.png"
"7795","/iteminfo/bobbi-brown-bobbis-cools-eye-shadow-palette-12x-eye-shadow-11g","//d3pllp7nz3wmw5.cloudfront.net/product_images/noimage_LRG.png"
"6095","/iteminfo/bobbi-brown-cool-dusk-eye-palette-5x-eye-shadow-1x-dual-ended-brush-8g","//d3pllp7nz3wmw5.cloudfront.net/product_images/noimage_LRG.png"
"10095","/iteminfo/urban-decay-born-to-run-eyeshadow-palette-21x0g","//d3pllp7nz3wmw5.cloudfront.net/product_images/22894570914_EBAY_SMALL_US.jpg"
"7095","/iteminfo/glo-skin-beauty-brow-collection-nobrown","//d3pllp7nz3wmw5.cloudfront.net/product_images/21447268614_EBAY_SMALL_US.jpg"
"5695","/iteminfo/glo-skin-beauty-brow-collection-notaupe","//d3pllp7nz3wmw5.cloudfront.net/product_images/21447468614_EBAY_SMALL_US.jpg"
"2795","/iteminfo/billion-dollar-brows-the-brow-buddy-kit-1x-brow-buddy-pink-1x-khol-eyeliner-white-2pcs","//d3pllp7nz3wmw5.cloudfront.net/product_images/20178431914_EBAY_SMALL_US.jpg"
"7095","/iteminfo/revlon-9-super-lustrous-lip-cube-set-nude-edition-9x4g","//d3pllp7nz3wmw5.cloudfront.net/product_images/20981383214_EBAY_SMALL_US.jpg"
"3695","/iteminfo/tarteist-pro-glow-highlight-and-contour-palette-29g","//d3pllp7nz3wmw5.cloudfront.net/product_images/22008204614_EBAY_SMALL_US.jpg"
"3595","/iteminfo/cameleon-makeup-kit-g2211-1-36x-eyeshadow-4x-blusher-3x-compact-powder-6x-lipgloss","//d3pllp7nz3wmw5.cloudfront.net/product_images/19637068514_EBAY_SMALL_US.jpg"
"6495","/iteminfo/laura-mercier-set-and-glow-trio-limited-edition-3pcs","//d3pllp7nz3wmw5.cloudfront.net/product_images/22095824714_EBAY_SMALL_US.jpg"
"10495","/iteminfo/lancome-absolu-voyage-complete-makeup-kit-1x-powder-1x-blush-2x-concealer-6x-eyeshadow-19pcs","//d3pllp7nz3wmw5.cloudfront.net/product_images/16473980914_EBAY_SMALL_US.jpg"
"6695","/iteminfo/youngblood-professional-mini-6pc-brush-set-6pcs","//d3pllp7nz3wmw5.cloudfront.net/product_images/19689003914_EBAY_SMALL_US.jpg"
"4195","/iteminfo/billion-dollar-brows-best-sellers-kit-1x-universal-brow-pencil-07g-1x-brow-duo-pencil-28g-1x-smudge-brush-1x-brow-gel-3ml-4pcs","//d3pllp7nz3wmw5.cloudfront.net/product_images/20178531914_EBAY_SMALL_US.jpg"
"6295","/iteminfo/anastasia-beverly-hills-glow-kit-ultimate-glow-6x4g","//d3pllp7nz3wmw5.cloudfront.net/product_images/21640968814_EBAY_SMALL_US.jpg"
"5395","/iteminfo/benefit-do-the-hoola-beyond-bronze-kit","//d3pllp7nz3wmw5.cloudfront.net/product_images/21296600214_EBAY_SMALL_US.jpg"
"4295","/iteminfo/laura-mercier-the-flawless-face-book-notan-1x-creme-compact-1x-pressed-powder-w-sponge-1x-secret-camouflage-5pcs","//d3pllp7nz3wmw5.cloudfront.net/product_images/15184024714_EBAY_SMALL_US.jpg"
"1083","/iteminfo/prime-and-glow-set-1x-mini-rose-freshface-primer-1x-mini-twilight-freshface-glow-2x5ml","//d3pllp7nz3wmw5.cloudfront.net/product_images/20290399914_EBAY_SMALL_US.jpg"
"2695","/iteminfo/laura-geller-color-brilliance-lustrous-lisptick-trio-3x-1g","//d3pllp7nz3wmw5.cloudfront.net/product_images/20928842714_EBAY_SMALL_US.jpg"
"3795","/iteminfo/cameleon-laptop-style-56-colors-eyeshadow-palette-8056","//d3pllp7nz3wmw5.cloudfront.net/product_images/19637268514_EBAY_SMALL_US.jpg"
"4095","/iteminfo/benefit-theyre-real%21-big-sexy-lip-kit-4x05g","//d3pllp7nz3wmw5.cloudfront.net/product_images/21404900214_EBAY_SMALL_US.jpg"
"5295","/iteminfo/clinique-long-last-lipstick-trio-no0a-runway-coral-no12-blushing-nude-no15-all-heart-3x4g","//d3pllp7nz3wmw5.cloudfront.net/product_images/21028180414_EBAY_SMALL_US.jpg"
"4795","/iteminfo/thebalm-meet-matte-nude-matte-eyeshadow-palette-25g","//d3pllp7nz3wmw5.cloudfront.net/product_images/16873705202_EBAY_SMALL_US.jpg"
"4695","/iteminfo/burberry-makeup-set-1x-lip-colour-1x-base-1x-mascara-1x-eye-shadow-4pcs%2B1bag","//d3pllp7nz3wmw5.cloudfront.net/product_images/22420536014_EBAY_SMALL_US.jpg"
"6595","/iteminfo/clarins-kit-sourcils-pro-perfect-eyes-and-brows-palette-5g","//d3pllp7nz3wmw5.cloudfront.net/product_images/18246980302_EBAY_SMALL_US.jpg"
"3795","/iteminfo/in-thebalm-of-your-hand-palette-19g","//d3pllp7nz3wmw5.cloudfront.net/product_images/20944705214_EBAY_SMALL_US.jpg"
"4695","/iteminfo/bareminerals-get-started-mineral-foundation-kit-no03-fairly-light-4pcs","//d3pllp7nz3wmw5.cloudfront.net/product_images/21406193714_EBAY_SMALL_US.jpg"
"3195","/iteminfo/tweezerman-mini-nail-rescue-4pcs-set-4pcs","//d3pllp7nz3wmw5.cloudfront.net/product_images/22093130014_EBAY_SMALL_US.jpg"
"5395","/iteminfo/thebalm-voyage-vol2-face-palette-21g","//d3pllp7nz3wmw5.cloudfront.net/product_images/21164705214_EBAY_SMALL_US.jpg"
"8395","/iteminfo/laura-mercier-lamour-exotique-face-illuminator-collection-4x3g","//d3pllp7nz3wmw5.cloudfront.net/product_images/22046524714_EBAY_SMALL_US.jpg"
"4695","/iteminfo/bareminerals-get-started-mineral-foundation-kit-no12-medium-beige-4pcs","//d3pllp7nz3wmw5.cloudfront.net/product_images/21406293714_EBAY_SMALL_US.jpg"
"3695","/iteminfo/benefit-city-lights-party-nights-set-4pcs%2B1bag","//d3pllp7nz3wmw5.cloudfront.net/product_images/22497400214_EBAY_SMALL_US.jpg"
"5895","/iteminfo/thebalm-balm-jovi-rockstar-face-palette-21g","//d3pllp7nz3wmw5.cloudfront.net/product_images/16873605202_EBAY_SMALL_US.jpg"
"1732","/iteminfo/bys-eyeshadow-palette-12x-eyeshadow-2x-applicator-nude-2-12g","//d3pllp7nz3wmw5.cloudfront.net/product_images/21344367414_EBAY_SMALL_US.jpg"
"1227","/iteminfo/cameleon-makeup-kit-deluxe-g2219-16x-eyeshadow-4x-blusher-1x-pressed-powder-4x-lipgloss-2x-applicator","//d3pllp7nz3wmw5.cloudfront.net/product_images/21405468514_EBAY_SMALL_US.jpg"
"11295","/iteminfo/anna-sui-eye-color-set-4x-eye-color-accent-1x-eye-gloss-black-cosmetic-bag-5pcs%2B1bag","//d3pllp7nz3wmw5.cloudfront.net/product_images/16327168114_EBAY_SMALL_US.jpg"
"3295","/iteminfo/laura-geller-so-scrumptious-6-piece-full-size-beauty-collection-nofair-6pcs","//d3pllp7nz3wmw5.cloudfront.net/product_images/22955442714_EBAY_SMALL_US.jpg"
"6295","/iteminfo/bareminerals-take-me-with-you-complexion-rescue-try-me-set-no05-natural-3pcs%2B1bag","//d3pllp7nz3wmw5.cloudfront.net/product_images/21577593714_EBAY_SMALL_US.jpg"
"8995","/iteminfo/lancome-tendre-voyage-makeup-palette-4x-eye-shadow-blush-2x-lip-color-3x-applicators","//d3pllp7nz3wmw5.cloudfront.net/product_images/10456980914_EBAY_SMALL_US.jpg"
"8695","/iteminfo/clarins-make-up-vanity-palette-1xpowder-compact-1xblush-6xeye-shadows-1xmini-mascara-1xmini-lip-glo","//d3pllp7nz3wmw5.cloudfront.net/product_images/18378680314_EBAY_SMALL_US.jpg"
"7995","/iteminfo/laura-mercier-double-impact-eye-colour-collection-12x-eye-colour-11g","//d3pllp7nz3wmw5.cloudfront.net/product_images/21256124714_EBAY_SMALL_US.jpg"
"5595","/iteminfo/make-up-for-ever-pro-sculpting-brow-palette-no2-harmony-2-65g","//d3pllp7nz3wmw5.cloudfront.net/product_images/21728013614_EBAY_SMALL_US.jpg"
"4695","/iteminfo/bareminerals-get-started-mineral-foundation-kit-no13-golden-beige-4pcs","//d3pllp7nz3wmw5.cloudfront.net/product_images/21914993714_EBAY_SMALL_US.jpg"
"5695","/iteminfo/lancome-hypnose-drama-set-hypnose-drama-mascara-6gr-crayon-khol-5gr-bi-facil-30ml-5ml-1","//d3pllp7nz3wmw5.cloudfront.net/product_images/C-LA-771-04_partheco_EBAY_SMALL_US.jpg"
"3295","/iteminfo/clinique-eye-definition-set-1x-kohl-shaper-for-eyes-1x-high-impact-mascara-1x-makeup-remover-1x-all-about-eyes-4pcs","//d3pllp7nz3wmw5.cloudfront.net/product_images/21786880414_EBAY_SMALL_US.jpg"
"5295","/iteminfo/yves-saint-laurent-the-shock-mascara-set-1x-mascara%2B-1x-expert-make-up-remover-2pcs","//d3pllp7nz3wmw5.cloudfront.net/product_images/noimage_LRG.png"
"4595","/iteminfo/clinique-long-last-glosswear-set-no25-sweet-tooth-no27-happy-no33-cupids-bow-no24-love-at-first-sight-no34-purple-crush-5x2ml","//d3pllp7nz3wmw5.cloudfront.net/product_images/22590880414_EBAY_SMALL_US.jpg"
"6495","/iteminfo/becca-be-a-light-face-palette-nolight-to-medium-15g","//d3pllp7nz3wmw5.cloudfront.net/product_images/22733703214_EBAY_SMALL_US.jpg"
"1660","/iteminfo/stila-matteificent-mattes-set-1x-matteificent-lipstick-1x-stay-all-days-lip-liner-2pcs","//d3pllp7nz3wmw5.cloudfront.net/product_images/22831430214_EBAY_SMALL_US.jpg"
"8495","/iteminfo/narsissist-blush-contour-and-lip-palette","//d3pllp7nz3wmw5.cloudfront.net/product_images/21640402614_EBAY_SMALL_US.jpg"
"14095","/iteminfo/yves-saint-laurent-essential-make-up-trio-set-1x-mascara-1x-touche-eclat-1x-gloss-volupte-1x-bag-3pcs%2B1bag","//d3pllp7nz3wmw5.cloudfront.net/product_images/21786481714_EBAY_SMALL_US.jpg"
"3495","/iteminfo/becca-summer-radiance-kit-backlight-priming-filter-sunlit-bronzer-2pcs","//d3pllp7nz3wmw5.cloudfront.net/product_images/22320703214_EBAY_SMALL_US.jpg"
"4595","/iteminfo/too-faced-pretty-little-planner-best-year-ever-2018-15x-eyeshadow-1x-mascara-box-slightly-damaged","//d3pllp7nz3wmw5.cloudfront.net/product_images/22761710714_EBAY_SMALL_US.jpg"
"3995","/iteminfo/bareminerals-gen-nude-eye-shadow-palette-norose-6x1g","//d3pllp7nz3wmw5.cloudfront.net/product_images/22694393714_EBAY_SMALL_US.jpg"
"10995","/iteminfo/hourglass-illume-sheer-color-trio-nosunset-17g","//d3pllp7nz3wmw5.cloudfront.net/product_images/22753158814_EBAY_SMALL_US.jpg"
"2795","/iteminfo/stila-pucker-up-lip-glaze-set-8x1ml","//d3pllp7nz3wmw5.cloudfront.net/product_images/22843830214_EBAY_SMALL_US.jpg"
"2295","/iteminfo/stila-naturally-nude-stay-all-day-liquid-lipstick-set-3x1ml","//d3pllp7nz3wmw5.cloudfront.net/product_images/22830430214_EBAY_SMALL_US.jpg"
"9495","/iteminfo/yves-saint-laurent-couture-brow-palette-no1-light-to-medium-3g","//d3pllp7nz3wmw5.cloudfront.net/product_images/21317981702_EBAY_SMALL_US.jpg"
"8695","/iteminfo/urban-decay-naked-3-eyeshadow-palette-12x-eyeshadow-1x-doubled-ended-shadowblending-brush-unboxed","//d3pllp7nz3wmw5.cloudfront.net/product_images/22693870914_EBAY_SMALL_US.jpg"
"794","/iteminfo/bys-glitter-eye-creme-palette-no01-you-can-dig-it-6g","//d3pllp7nz3wmw5.cloudfront.net/product_images/22661867414_EBAY_SMALL_US.jpg"
"4195","/iteminfo/lancome-monsieur-big-coffret-1x-mascara-1x-bifacil-1x-le-crayon-khol-3pcs","//d3pllp7nz3wmw5.cloudfront.net/product_images/22592280914_EBAY_SMALL_US.jpg"
"5895","/iteminfo/smashbox-the-cali-contour-shape-bronze-glow-palette-206g","//d3pllp7nz3wmw5.cloudfront.net/product_images/22702396814_EBAY_SMALL_US.jpg"
"3995","/iteminfo/bareminerals-gen-nude-eye-shadow-palette-noneutral-6x1g","//d3pllp7nz3wmw5.cloudfront.net/product_images/21992693714_EBAY_SMALL_US.jpg"
"3995","/iteminfo/bareminerals-gen-nude-eye-shadow-palette-nocopper-6x1g","//d3pllp7nz3wmw5.cloudfront.net/product_images/22694493714_EBAY_SMALL_US.jpg"
"3995","/iteminfo/bareminerals-gen-nude-eye-shadow-palette-nolatte-6x1g","//d3pllp7nz3wmw5.cloudfront.net/product_images/22694793714_EBAY_SMALL_US.jpg"
"11195","/iteminfo/hourglass-ambient-lighting-palette-3x3g","//d3pllp7nz3wmw5.cloudfront.net/product_images/22896958814_EBAY_SMALL_US.jpg"
"2093","/iteminfo/stila-most-wanted-vol-ii-eye-liners-set-2pcs","//d3pllp7nz3wmw5.cloudfront.net/product_images/22835330214_EBAY_SMALL_US.jpg"
"4495","/iteminfo/stila-stay-all-day-sparkle-all-night-set-5x-stay-all-day-liquid-lipstick-1x-glitterati-lip-top-coat-6pcs","//d3pllp7nz3wmw5.cloudfront.net/product_images/22831530214_EBAY_SMALL_US.jpg"
"2795","/iteminfo/stila-written-in-the-stars-glitter-and-glow-liquid-eye-shadow-set-3x25ml","//d3pllp7nz3wmw5.cloudfront.net/product_images/noimage_LRG.png"
"2021","/iteminfo/laura-geller-lauras-star-performers-full-size-foundation-and-bronzer-nomedium-2pcs","//d3pllp7nz3wmw5.cloudfront.net/product_images/noimage_LRG.png"
