"source_id","brand","name","categories","price","web_url"
"141672","Cameleon","MakeUp Kit G2327 (2x Powder, 36x Eyeshadows, 4x Blusher, 1xMascara, 1xEye Pencil, 8x Lip Gloss, 4x Applicators)","Make Up & Cosmetics >> Makeup Sets >> Sets & Coffrets","19.49","https://www.cosmeticsnow.com.au/iteminfo/Cameleon-MakeUp-Kit-G2327-2x-Powder-36x-Eyeshadows-4x-Blusher-1xMascara-1xEye-Pencil-8x-Lip-Gloss-4x-Applicators"
"168349","Cameleon","MakeUp Kit G1697 - 1","Make Up & Cosmetics >> Makeup Sets >> Sets & Coffrets","16.6","https://www.cosmeticsnow.com.au/iteminfo/Cameleon-MakeUp-Kit-G1697-25x-EyeShadow-6x-Blusher-4x-Compact-Powder-6x-Lipgloss-1x-Mascara....-1"
"166940","Cameleon","MakeUp Kit G1688 (34xE/S, 3xBlusher, 2xPressed Pwd, 1xMascara, 4xLipgloss, 1xE/Pen, 4xApplicator)","Make Up & Cosmetics >> Makeup Sets >> Sets & Coffrets","15.16","https://www.cosmeticsnow.com.au/iteminfo/Cameleon-MakeUp-Kit-G1688-34xE/S-3xBlusher-2xPressed-Pwd-1xMascara-4xLipgloss-1xE/Pen-4xApplicator"
"133891","Cameleon","MakeUp Kit 396 (48x Eyeshadow, 24x Lip Color, 2x Pressed Powder, 4x Blusher, 5x Applicator)","Make Up & Cosmetics >> Makeup Sets >> Sets & Coffrets","20.21","https://www.cosmeticsnow.com.au/iteminfo/Cameleon-MakeUp-Kit-396-48x-Eyeshadow-24x-Lip-Color-2x-Pressed-Powder-4x-Blusher-5x-Applicator"
"223522","Cameleon","MakeUp Kit 398: (72x Eyeshadow, 2x Powder, 3x Blush, 8x Lipgloss, 1x Mini Mascara, 6x Applicator)","Make Up & Cosmetics >> Makeup Sets >> Sets & Coffrets","23.95","https://www.cosmeticsnow.com.au/iteminfo/Cameleon-MakeUp-Kit-398:-72x-Eyeshadow-2x-Powder-3x-Blush-8x-Lipgloss-1x-Mini-Mascara-6x-Applicator"
"127288","Cameleon","MakeUp Kit G1665 : 48xEyeshadow, 4xBlush, 6xLipgloss, 4xBrush","Make Up & Cosmetics >> Makeup Sets >> Sets & Coffrets","15.16","https://www.cosmeticsnow.com.au/iteminfo/Cameleon-MakeUp-Kit-G1665-:-48xEyeshadow-4xBlush-6xLipgloss-4xBrush"
"278933","Urban Decay","Naked 3 Eyeshadow Palette: 12x Eyeshadow, 1x Doubled Ended Shadow/Blending Brush","Make Up & Cosmetics >> Makeup Sets >> Sets & Coffrets","87.95","https://www.cosmeticsnow.com.au/iteminfo/Urban-Decay-Naked-3-Eyeshadow-Palette:-12x-Eyeshadow-1x-Doubled-Ended-Shadow/Blending-Brush"
"281558","Urban Decay","Naked Eyeshadow Palette: 12x Eyeshadow, 1x Doubled Ended Shadow/Blending Brush","Make Up & Cosmetics >> Makeup Sets >> Sets & Coffrets","78.95","https://www.cosmeticsnow.com.au/iteminfo/Urban-Decay-Naked-Eyeshadow-Palette:-12x-Eyeshadow-1x-Doubled-Ended-Shadow/Blending-Brush"
"278944","Urban Decay","Naked 2 Basics Eyeshadow Palette: 6x Eyeshadow 6x1.3g","Make Up & Cosmetics >> Makeup Sets >> Sets & Coffrets","46.95","https://www.cosmeticsnow.com.au/iteminfo/Urban-Decay-Naked-2-Basics-Eyeshadow-Palette:-6x-Eyeshadow-Cover-Frisk-Primal-Skimp-Stark-Undone-6x1.3g"
"235307","Bobbi Brown","Bronze Shimmer Brick Set: Bronze Shimmer Brick Compact + Mini Face Blender Brush 2pcs","Make Up & Cosmetics >> Makeup Sets >> Sets & Coffrets","82.95","https://www.cosmeticsnow.com.au/iteminfo/Bobbi-Brown-Bronze-Shimmer-Brick-Set:-Bronze-Shimmer-Brick-Compact-+-Mini-Face-Blender-Brush-Limited-Edition-2pcs"
"226317","Youngblood","Purely The Basics Kit - #Medium 6pcs","Make Up & Cosmetics >> Makeup Sets >> Sets & Coffrets","55.95","https://www.cosmeticsnow.com.au/iteminfo/Youngblood-Purely-The-Basics-Kit-noMedium-2xFoundation-1xMineral-Blush-1xSetting-Powder-1xBrush-1xMineral-Powder-6pcs"
"127286","Cameleon","MakeUp Kit G1672 - 2","Make Up & Cosmetics >> Makeup Sets >> Sets & Coffrets","13.71","https://www.cosmeticsnow.com.au/iteminfo/Cameleon-MakeUp-Kit-G1672-24xE/shdw-1xE/Pencil-4xL/Gloss-4xBlush-2xPressed-Pwd..-2"
"278932","Urban Decay","Naked 2 Eyeshadow Palette: 12x Eyeshadow, 1x Doubled Ended Shadow/Blending Brush","Make Up & Cosmetics >> Makeup Sets >> Sets & Coffrets","87.95","https://www.cosmeticsnow.com.au/iteminfo/Urban-Decay-Naked-2-Eyeshadow-Palette:-12x-Eyeshadow-1x-Doubled-Ended-Shadow/Blending-Brush"
"169868","Tweezerman","Petite Tweeze Set: Slant Tweezer + Point Tweezer - 2pcs","Make Up & Cosmetics >> Makeup Sets >> Sets & Coffrets","32.95","https://www.cosmeticsnow.com.au/iteminfo/Tweezerman-Petite-Tweeze-Set:-Slant-Tweezer-+-Point-Tweezer-With-Pink-Case-2pcs"
"168989","Tweezerman","Petite Tweeze Set: Slant Tweezer + Point Tweezer - 2pcs","Make Up & Cosmetics >> Makeup Sets >> Sets & Coffrets","32.95","https://www.cosmeticsnow.com.au/iteminfo/Tweezerman-Petite-Tweeze-Set:-Slant-Tweezer-+-Point-Tweezer-With-Lavendar-Leather-Case-2pcs"
"297947","L'Oreal","Infaillible Total Cover Concealer Palette 10g","Make Up & Cosmetics >> Makeup Sets >> Sets & Coffrets","10.39","https://www.cosmeticsnow.com.au/iteminfo/L'Oreal-Infaillible-Total-Cover-Concealer-Palette-10g"
"280534","Dejavu","Fiberwig Ultra Long Mascara And Tiny Sniper Mascara Set - Pure Black 2pcs","Make Up & Cosmetics >> Makeup Sets >> Sets & Coffrets","26.95","https://www.cosmeticsnow.com.au/iteminfo/Dejavu-Fiberwig-Ultra-Long-Mascara-And-Tiny-Sniper-Mascara-Set-Pure-Black-2pcs"
"174019","Bobbi Brown","Rose Shimmer Brick Set: Rose Shimmer Brick Compact + Mini Face Blender Brush 2pcs","Make Up & Cosmetics >> Makeup Sets >> Sets & Coffrets","56.95","https://www.cosmeticsnow.com.au/iteminfo/Bobbi-Brown-Rose-Shimmer-Brick-Set:-Rose-Shimmer-Brick-Compact-+-Mini-Face-Blender-Brush-Limited-Edition-2pcs"
"244539","Tweezerman","Combo Clipper Set 2pcs","Make Up & Cosmetics >> Makeup Sets >> Sets & Coffrets","13.71","https://www.cosmeticsnow.com.au/iteminfo/Tweezerman-Combo-Clipper-Set-2pcs"
"129158","Cameleon","MakeUp Kit G0139 - 2","Make Up & Cosmetics >> Makeup Sets >> Sets & Coffrets","12.27","https://www.cosmeticsnow.com.au/iteminfo/Cameleon-MakeUp-Kit-G0139-18x-Eyeshadow-2x-Blusher-2x-Pressed-Powder-4x-Lipgloss-2"
"169218","Tweezerman","Petite Tweeze Set: Slant Tweezer + Point Tweezer - 2pcs","Make Up & Cosmetics >> Makeup Sets >> Sets & Coffrets","32.95","https://www.cosmeticsnow.com.au/iteminfo/Tweezerman-Petite-Tweeze-Set:-Slant-Tweezer-+-Point-Tweezer-With-Black-Leather-Case-2pcs"
"241338","Billion Dollar Brows","Take Back Your Brows Kit: 1x Brow Buddy, 1x Universal Brow Pencil, 1x Tweezers, 1x Scissors 4pcs","Make Up & Cosmetics >> Makeup Sets >> Sets & Coffrets","62.95","https://www.cosmeticsnow.com.au/iteminfo/Billion-Dollar-Brows-Take-Back-Your-Brows-Kit:-1x-Brow-Buddy-1x-Universal-Brow-Pencil-1x-Tweezers-1x-Scissors-4pcs"
"281869","BYS","Eyeshadow Palette - Smokey 12g","Make Up & Cosmetics >> Makeup Sets >> Sets & Coffrets","13.71","https://www.cosmeticsnow.com.au/iteminfo/BYS-Eyeshadow-Palette-12x-Eyeshadow-2x-Applicator-Smokey-12g"
"138645","Arezia","MakeUp Kit MK 0276 57.9g","Make Up & Cosmetics >> Makeup Sets >> Sets & Coffrets","15.16","https://www.cosmeticsnow.com.au/iteminfo/Arezia-MakeUp-Kit-MK-0276-22x-Eyeshadow-2x-Blusher-1x-Compact-Powder-6x-Lipgloss.....-57.9g"
"281936","Urban Decay","Naked Smoky Eyeshadow Palette (12x Eyeshadow, 1x Doubled Ended Smoky Smudger/Tapered Crease Brush)","Make Up & Cosmetics >> Makeup Sets >> Sets & Coffrets","87.95","https://www.cosmeticsnow.com.au/iteminfo/Urban-Decay-Naked-Smoky-Eyeshadow-Palette-12x-Eyeshadow-1x-Doubled-Ended-Smoky-Smudger/Tapered-Crease-Brush"
"163925","Tweezerman","Children's Care Kit: Baby Nail Clipper+ Baby Nail File+ Nail Brush+ Baby Nail Scissors 4pcs","Make Up & Cosmetics >> Makeup Sets >> Sets & Coffrets","37.95","https://www.cosmeticsnow.com.au/iteminfo/Tweezerman-Children's-Care-Kit:-Baby-Nail-Clipper+-Baby-Nail-File+-Nail-Brush+-Baby-Nail-Scissors-4pcs"
"278902","Urban Decay","Naked Basics Eyeshadow Palette: 6x Eyeshadow 6x1.3g","Make Up & Cosmetics >> Makeup Sets >> Sets & Coffrets","46.95","https://www.cosmeticsnow.com.au/iteminfo/Urban-Decay-Naked-Basics-Eyeshadow-Palette:-6x-Eyeshadow-Crave-Faint-Foxy-Naked2-Venus-Walk-of-Shame-6x1.3g"
"274109","Cameleon","Laptop Style MakeUp Kit 8075 (35x EyeShadow, 4x Blusher, 2x Powder Cake, 6x Lipgloss)","Make Up & Cosmetics >> Makeup Sets >> Sets & Coffrets","15.16","https://www.cosmeticsnow.com.au/iteminfo/Cameleon-Laptop-Style-MakeUp-Kit-8075-35x-EyeShadow-4x-Blusher-2x-Powder-Cake-6x-Lipgloss"
"240741","Tweezerman","Professional Nail Clipper Set","Make Up & Cosmetics >> Makeup Sets >> Sets & Coffrets","18.77","https://www.cosmeticsnow.com.au/iteminfo/Tweezerman-Professional-Nail-Clipper-Set"
"129156","Arezia","MakeUp Kit AZ 01205 (36 Colours of Eyeshadow, 4x Blush, 3x Brow Powder, 2x Powder)","Make Up & Cosmetics >> Makeup Sets >> Sets & Coffrets","62.95","https://www.cosmeticsnow.com.au/iteminfo/Arezia-MakeUp-Kit-AZ-01205-36-Colours-of-Eyeshadow-4x-Blush-3x-Brow-Powder-2x-Powder"
"139815","Tweezerman","Mini Brow Rescue Kit: Slant Tweezer + Browmousse + Brow Brush + Eyenhance Brow Highlighter + Case 4pcs+1case","Make Up & Cosmetics >> Makeup Sets >> Travel Sets","30.95","https://www.cosmeticsnow.com.au/iteminfo/Tweezerman-Mini-Brow-Rescue-Kit:-Slant-Tweezer-+-Browmousse-+-Brow-Brush-+-Eyenhance-Brow-Highlighter-+-Case-4pcs+1case"
"254141","Laura Mercier","Nude Smoky Eye Palette Collection 10pcs","Make Up & Cosmetics >> Makeup Sets >> Sets & Coffrets","85.95","https://www.cosmeticsnow.com.au/iteminfo/Laura-Mercier-Nude-Smoky-Eye-Palette-Collection-1xMascara-1xLip-Glace-1xCake-Eye-Liner-4xEye-Colour-3xBrush-10pcs"
"244900","Cameleon","MakeUp Kit G1672 - 1","Make Up & Cosmetics >> Makeup Sets >> Sets & Coffrets","13.71","https://www.cosmeticsnow.com.au/iteminfo/Cameleon-MakeUp-Kit-G1672-24xE/shdw-1xE/Pencil-4xL/Gloss-4xBlush-2xPressed-Pwd..-1"
"272787","physicians Formula","Physicians Formula Makeup Set 8661: 1x Shimmer Strips Eye Enhancing Shadow, 1x Powder Palette, 1x Applicator 3pcs","Make Up & Cosmetics >> Makeup Sets >> Sets & Coffrets","11.55","https://www.cosmeticsnow.com.au/iteminfo/Physicians-Formula-Makeup-Set-8661:-1x-Shimmer-Strips-Eye-Enhancing-Shadow-1x-Powder-Palette-1x-Applicator-3pcs"
"129157","Cameleon","MakeUp Kit G0139 - 1","Make Up & Cosmetics >> Makeup Sets >> Sets & Coffrets","12.27","https://www.cosmeticsnow.com.au/iteminfo/Cameleon-MakeUp-Kit-G0139-18x-Eyeshadow-2x-Blusher-2x-Pressed-Powder-4x-Lipgloss-1"
"219932","Tweezerman","Professional Petite Tweeze Set: Slant Tweezer + Point Tweezer - 2pcs","Make Up & Cosmetics >> Makeup Sets >> Sets & Coffrets","32.95","https://www.cosmeticsnow.com.au/iteminfo/Tweezerman-Professional-Petite-Tweeze-Set:-Slant-Tweezer-+-Point-Tweezer-With-Lavendar-Leather-Case-2pcs"
"282177","Billion Dollar Brows","60 Seconds To Beautiful Brows Kit - Taupe 2pcs","Make Up & Cosmetics >> Makeup Sets >> Sets & Coffrets","24.95","https://www.cosmeticsnow.com.au/iteminfo/Billion-Dollar-Brows-60-Seconds-To-Beautiful-Brows-Kit-1x-Brow-Powder-1x-Dual-Ended-Brow-Brush-Taupe-2pcs"
"149288","Arezia","Make Up Kit AZ 2190 - #02 36.8g","Make Up & Cosmetics >> Makeup Sets >> Sets & Coffrets","12.99","https://www.cosmeticsnow.com.au/iteminfo/Arezia-Make-Up-Kit-AZ-2190-16x-Eyeshadow-2x-Blusher-2x-Compact-Powder-4x-Lipgloss-3x-Applicator-no02-36.8g"
"285584","Too Faced","Love Palette 14.2g","Make Up & Cosmetics >> Makeup Sets >> Sets & Coffrets","46.95","https://www.cosmeticsnow.com.au/iteminfo/Too-Faced-Love-Palette-15x-Eye-Shadows-1x-Eyeliner-14.2g"
"294848","Cameleon","MakeUp Kit Deluxe G2363 (66x Eyeshadow, 5x Blusher, 2x Pressed Powder, 4x Lipgloss, 3x Applicator)","Make Up & Cosmetics >> Makeup Sets >> Sets & Coffrets","20.21","https://www.cosmeticsnow.com.au/iteminfo/Cameleon-MakeUp-Kit-Deluxe-G2363-66x-Eyeshadow-5x-Blusher-2x-Pressed-Powder-4x-Lipgloss-3x-Applicator"
"246590","Jane Iredale","Starter Kit (6 Pieces): 1xPrimer & Brighter, 1xLoose Mineral Powder, 1xMineral Foundation, ... - # Medium 6pcs","Make Up & Cosmetics >> Makeup Sets >> Sets & Coffrets","78.95","https://www.cosmeticsnow.com.au/iteminfo/Jane-Iredale-Starter-Kit-6-Pieces:-1xPrimer-and-Brighter-1xLoose-Mineral-Powder-1xMineral-Foundation-...-no-Medium-6pcs"
"232899","NARS","Andy Warhol Collection Debbie Harry Eye And Cheek Palette 6pcs","Make Up & Cosmetics >> Makeup Sets >> Sets & Coffrets","38.95","https://www.cosmeticsnow.com.au/iteminfo/NARS-Andy-Warhol-Collection-Debbie-Harry-Eye-And-Cheek-Palette-4x-Eyeshadows-2x-Blushes-6pcs"
"246145","Jane Iredale","Snappy Brush Wand 3pcs","Make Up & Cosmetics >> Makeup Sets >> Sets & Coffrets","41.95","https://www.cosmeticsnow.com.au/iteminfo/Jane-Iredale-Snappy-Brush-Wand-Crease-Brush+Smudge-Brush+Eyeliner-Brush-3pcs"
"270844","Cameleon","MakeUp Kit G2210A (24x Eyeshadow, 2x Compact Powder, 3x Blusher, 4x Lipgloss)","Make Up & Cosmetics >> Makeup Sets >> Sets & Coffrets","12.27","https://www.cosmeticsnow.com.au/iteminfo/Cameleon-MakeUp-Kit-G2210A-24x-Eyeshadow-2x-Compact-Powder-3x-Blusher-4x-Lipgloss"
"311596","Urban Decay","Backtalk Eye & Face Palette : 8x Eyeshadow, 4x Blush/Highlighter","Make Up & Cosmetics >> Makeup Sets >> Sets & Coffrets","83.95","https://www.cosmeticsnow.com.au/iteminfo/Urban-Decay-Backtalk-Eye-and-Face-Palette-:-8x-Eyeshadow-4x-Blush/Highlighter"
"280915","NARS","NARSissist Cheek Studio Palette 29.5g","Make Up & Cosmetics >> Makeup Sets >> Sets & Coffrets","80.95","https://www.cosmeticsnow.com.au/iteminfo/NARSissist-Cheek-Studio-Palette-4x-Blush-1x-Bronzing-Powder-2x-Contour-Blush-29.5g"
"251119","Tweezerman","Petite Tweeze Set: Slant Tweezer + Point Tweezer - With Pink Leather Case 2pcs","Make Up & Cosmetics >> Makeup Sets >> Sets & Coffrets","37.95","https://www.cosmeticsnow.com.au/iteminfo/Tweezerman-Petite-Tweeze-Set:-Slant-Tweezer-+-Point-Tweezer-With-Pink-Leather-Case-Studio-Collection-2pcs"
"281870","BYS","Contour Palette 20g","Make Up & Cosmetics >> Makeup Sets >> Sets & Coffrets","13.71","https://www.cosmeticsnow.com.au/iteminfo/BYS-Contour-Palette-3x-Contouring-Powder-3x-Highlighting-Powder-20g"
"246588","Jane Iredale","Starter Kit (6 Pieces): 1xPrimer & Brighter, 1xLoose Mineral Powder, 1xMineral Foundation, ... - # Light 6pcs","Make Up & Cosmetics >> Makeup Sets >> Sets & Coffrets","78.95","https://www.cosmeticsnow.com.au/iteminfo/Jane-Iredale-Starter-Kit-6-Pieces:-1xPrimer-and-Brighter-1xLoose-Mineral-Powder-1xMineral-Foundation-...-no-Light-6pcs"
"246589","Jane Iredale","Starter Kit (6 Pieces): 1xPrimer & Brighter, 1xLoose Mineral Powder, 1xMineral Foundation, ... - # Medium Light 6pcs","Make Up & Cosmetics >> Makeup Sets >> Sets & Coffrets","78.95","https://www.cosmeticsnow.com.au/iteminfo/Jane-Iredale-Starter-Kit-6-Pieces:-1xPrimer-and-Brighter-1xLoose-Mineral-Powder-1xMineral-Foundation-...-no-Medium-Light-6pcs"
"294720","BYS","Contour, Brow & Eyeshadow Palette - Essentials 15g","Make Up & Cosmetics >> Makeup Sets >> Sets & Coffrets","13.71","https://www.cosmeticsnow.com.au/iteminfo/BYS-Contour-Brow-and-Eyeshadow-Palette-Essentials-15g"
"297309","BareMinerals","Plushest Touch 5 Piece Brush Collection","Make Up & Cosmetics >> Makeup Sets >> Sets & Coffrets","56.95","https://www.cosmeticsnow.com.au/iteminfo/BareMinerals-Plushest-Touch-5-Piece-Brush-Collection"
"312339","Too Faced","Pretty Little Planner Best Year Ever 2018 : (15x Eyeshadow, 1x Mascara)","Make Up & Cosmetics >> Makeup Sets >> Sets & Coffrets","46.95","https://www.cosmeticsnow.com.au/iteminfo/Too-Faced-Pretty-Little-Planner-Best-Year-Ever-2018-:-15x-Eyeshadow-1x-Mascara"
"246591","Jane Iredale","Starter Kit (6 Pieces): 1xPrimer & Brighter, 1xLoose Mineral Powder, 1xMineral Foundation, ... - # Medium Dark 6pcs","Make Up & Cosmetics >> Makeup Sets >> Sets & Coffrets","78.95","https://www.cosmeticsnow.com.au/iteminfo/Jane-Iredale-Starter-Kit-6-Pieces:-1xPrimer-and-Brighter-1xLoose-Mineral-Powder-1xMineral-Foundation-...-no-Medium-Dark-6pcs"
"251118","Tweezerman","Petite Tweeze Set: Slant Tweezer + Point Tweezer - With Lavendar Leather Case 2pcs","Make Up & Cosmetics >> Makeup Sets >> Sets & Coffrets","37.95","https://www.cosmeticsnow.com.au/iteminfo/Tweezerman-Petite-Tweeze-Set:-Slant-Tweezer-+-Point-Tweezer-With-Lavendar-Leather-Case-Studio-Collection-2pcs"
"258607","Tweezerman","Professional Petite Tweeze Set: Slant Tweezer + Point Tweezer - 2pcs","Make Up & Cosmetics >> Makeup Sets >> Sets & Coffrets","49.95","https://www.cosmeticsnow.com.au/iteminfo/Tweezerman-Professional-Petite-Tweeze-Set:-Slant-Tweezer-+-Point-Tweezer-Regency-Finish-w/-Silver-Leather-Case-2pcs"
"272785","physicians Formula","Physicians Formula Makeup Set 8658: 1x Shimmer Strips Eye Enhancing Shadow, 1x CoverToxTen50 Face Powder, 1x Applicator 3pcs","Make Up & Cosmetics >> Makeup Sets >> Sets & Coffrets","11.55","https://www.cosmeticsnow.com.au/iteminfo/Physicians-Formula-Makeup-Set-8658:-1x-Shimmer-Strips-Eye-Enhancing-Shadow-1x-CoverToxTen50-Face-Powder-1x-Applicator-3pcs"
"295003","Clinique","Chubby Lash Fattening Mascara Set 3pcs","Make Up & Cosmetics >> Makeup Sets >> Sets & Coffrets","31.95","https://www.cosmeticsnow.com.au/iteminfo/Clinique-Chubby-Lash-Fattening-Mascara-Set-1x-Mascara-1x-Eye-Cream-1x-Makeup-Remover-3pcs"
"280896","Bobbi Brown","Instant Pretty Eye & Cheek Palette (3x Eye Shadow, 1x Metallic Eye Shadow, 1x Blush, 1x Mini Eye Shadow Brush)","Make Up & Cosmetics >> Makeup Sets >> Travel Sets","66.95","https://www.cosmeticsnow.com.au/iteminfo/Bobbi-Brown-Instant-Pretty-Eye-and-Cheek-Palette-3x-Eye-Shadow-1x-Metallic-Eye-Shadow-1x-Blush-1x-Mini-Eye-Shadow-Brush"
"148073","BareMinerals","Face Fashion Collection - The Look Of Now Pretty Wild 5pcs","Make Up & Cosmetics >> Makeup Sets >> Sets & Coffrets","55.95","https://www.cosmeticsnow.com.au/iteminfo/BareMinerals-Face-Fashion-Collection-Blush-+-2x-Eye-Color-+-Mascara-+-Lipcolor-The-Look-Of-Now-Pretty-Wild-5pcs"
"216177","Smashbox","Step By Step Contour Kit 11.47g","Make Up & Cosmetics >> Makeup Sets >> Sets & Coffrets","50.95","https://www.cosmeticsnow.com.au/iteminfo/Smashbox-Step-By-Step-Contour-Kit-1-x-Contour-Palette-+-1-x-Contour-Brush-Light/Medium-11.47g"
"281856","Cargo","Around the World Eye Shadow Palette 12x0.8g","Make Up & Cosmetics >> Makeup Sets >> Sets & Coffrets","24.95","https://www.cosmeticsnow.com.au/iteminfo/Cargo-Around-the-World-Eye-Shadow-Palette-12x-Eye-Shadow-1x-Shadow-Brush-12x0.8g"
"274170","TheBalm","Autobalm Face Palette - #Hawaii","Make Up & Cosmetics >> Makeup Sets >> Sets & Coffrets","20.21","https://www.cosmeticsnow.com.au/iteminfo/TheBalm-Autobalm-Face-Palette-noHawaii"
"270166","Laura Mercier","Travel Brush Kit: 1x Cheek Colour Brush, 1x Smudge Brush, 1x Eye Crease Brush, 1x Case 3pcs+1case","Make Up & Cosmetics >> Makeup Sets >> Travel Sets","55.95","https://www.cosmeticsnow.com.au/iteminfo/Laura-Mercier-Travel-Brush-Kit:-1x-Cheek-Colour-Brush-1x-Smudge-Brush-1x-Eye-Crease-Brush-1x-Case-Unboxed-3pcs+1case"
"297316","BareMinerals","Get Started Mineral Foundation Kit - # 08 Light 4pcs","Make Up & Cosmetics >> Makeup Sets >> Sets & Coffrets","46.95","https://www.cosmeticsnow.com.au/iteminfo/BareMinerals-Get-Started-Mineral-Foundation-Kit-no-08-Light-4pcs"
"297949","L'Oreal","Color Riche Lip Palette 6g","Make Up & Cosmetics >> Makeup Sets >> Sets & Coffrets","21.95","https://www.cosmeticsnow.com.au/iteminfo/L'Oreal-Color-Riche-Lip-Palette-6g"
"302623","Elizabeth Arden","Bronze In The City Color Collection 4pcs","Make Up & Cosmetics >> Makeup Sets >> Sets & Coffrets","31.95","https://www.cosmeticsnow.com.au/iteminfo/Elizabeth-Arden-Bronze-In-The-City-Color-Collection-4pcs"
"171104","Kevyn Aucoin","The Essential Eye Shadow Set - Palette #2 5x1g","Make Up & Cosmetics >> Makeup Sets >> Sets & Coffrets","80.95","https://www.cosmeticsnow.com.au/iteminfo/Kevyn-Aucoin-The-Essential-Eye-Shadow-Set-Palette-no2-5x1g"
"254627","Laura Mercier","Classic Smoky Eye Palette Collection 10pcs","Make Up & Cosmetics >> Makeup Sets >> Sets & Coffrets","82.95","https://www.cosmeticsnow.com.au/iteminfo/Laura-Mercier-Classic-Smoky-Eye-Palette-Collection-1xMascara-1xLip-Glace-1xCake-Eye-Liner-4xEye-Colour-3xBrush-10pcs"
"281867","BYS","Eyeshadow Palette - Nude 12g","Make Up & Cosmetics >> Makeup Sets >> Sets & Coffrets","13.71","https://www.cosmeticsnow.com.au/iteminfo/BYS-Eyeshadow-Palette-12x-Eyeshadow-2x-Applicator-Nude-12g"
"285769","TheBalm","Meet MattTrimony Matte Eyeshadow Palette 21.6g","Make Up & Cosmetics >> Makeup Sets >> Sets & Coffrets","47.95","https://www.cosmeticsnow.com.au/iteminfo/TheBalm-Meet-Matte-Trimony-Matte-Eyeshadow-Palette-21.6g"
"294769","YBF Beauty","Rock The Croc Eyeshadow Palette 12x0.8g","Make Up & Cosmetics >> Makeup Sets >> Sets & Coffrets","18.04","https://www.cosmeticsnow.com.au/iteminfo/YBF-Beauty-Rock-The-Croc-Eyeshadow-Palette-12x-Eyeshadow-1x-Double-Ended-Eyeshadow-Brush-12x0.8g"
"304563","Jane Iredale","Corrective Colors Kit 9.9g","Make Up & Cosmetics >> Makeup Sets >> Sets & Coffrets","38.95","https://www.cosmeticsnow.com.au/iteminfo/Jane-Iredale-Corrective-Colors-Kit-4x-Concealer-+-1x-Applicator-9.9g"
"315508","Laura Geller","20 Shades Of Celebration Baked Eyeshadow Collection 20x0.5g","Make Up & Cosmetics >> Makeup Sets >> Sets & Coffrets","24.95","https://www.cosmeticsnow.com.au/iteminfo/Laura-Geller-20-Shades-Of-Celebration-Baked-Eyeshadow-Collection-20x0.5g"
"222307","Kevyn Aucoin","The Essential Eye Shadow Set - Palette #3 5x1g","Make Up & Cosmetics >> Makeup Sets >> Sets & Coffrets","80.95","https://www.cosmeticsnow.com.au/iteminfo/Kevyn-Aucoin-The-Essential-Eye-Shadow-Set-Palette-no3-5x1g"
"251121","Tweezerman","Mini Brow Rescue Kit: Slant Tweezer + Browmousse + Brow Brush + Eyenhance Brow Highlighter 4pcs+1case","Make Up & Cosmetics >> Makeup Sets >> Sets & Coffrets","30.95","https://www.cosmeticsnow.com.au/iteminfo/Tweezerman-Mini-Brow-Rescue-Kit:-Slant-Tweezer-+-Browmousse-+-Brow-Brush-+-Eyenhance-Brow-Highlighter-Studio-Collection-4pcs+1case"
"289681","Bourjois","Colorboost Glossy Finish Lipstick Set 6pcs","Make Up & Cosmetics >> Makeup Sets >> Sets & Coffrets","31.95","https://www.cosmeticsnow.com.au/iteminfo/Bourjois-Colorboost-Glossy-Finish-Lipstick-Set-6pcs"
"294718","BYS","Eyeshadow Palette - Matte 12g","Make Up & Cosmetics >> Makeup Sets >> Sets & Coffrets","13.71","https://www.cosmeticsnow.com.au/iteminfo/BYS-Eyeshadow-Palette-12x-Eyeshadow-2x-Applicator-Matte-12g"
"297948","L'Oreal","Color Riche Lip Palette Matte 6g","Make Up & Cosmetics >> Makeup Sets >> Sets & Coffrets","11.55","https://www.cosmeticsnow.com.au/iteminfo/L'Oreal-Color-Riche-Lip-Palette-Matte-6g"
"303855","Tarte","Park Ave Princess Chisel Palette 27g","Make Up & Cosmetics >> Makeup Sets >> Sets & Coffrets","42.95","https://www.cosmeticsnow.com.au/iteminfo/Tarte-Park-Ave-Princess-Chisel-Palette-27g"
"312389","Too Faced","Passport To Bronze Deluxe Bronzers & Flatbuki Brush Set","Make Up & Cosmetics >> Makeup Sets >> Sets & Coffrets","25.95","https://www.cosmeticsnow.com.au/iteminfo/Too-Faced-Passport-To-Bronze-Deluxe-Bronzers-and-Flatbuki-Brush-Set"
"159630","Kevyn Aucoin","The Lip & Cheek Palette - # Pink","Make Up & Cosmetics >> Makeup Sets >> Sets & Coffrets","58.95","https://www.cosmeticsnow.com.au/iteminfo/Kevyn-Aucoin-The-Lip-and-Cheek-Palette-3x-Lipgloss-1x-Cream-Blush-1x-Lipstick-no-Pink"
"236557","Tweezerman","Petite Tweeze Set: Slant Tweezer + Point Tweezer - 2pcs","Make Up & Cosmetics >> Makeup Sets >> Sets & Coffrets","36.95","https://www.cosmeticsnow.com.au/iteminfo/Tweezerman-Petite-Tweeze-Set:-Slant-Tweezer-+-Point-Tweezer-Regency-Finish-w/-Silver-Leather-Case-2pcs"
"272786","physicians Formula","Physicians Formula Makeup Set 8660: 1x Shimmer Strips Eye Enhancing Shadow, 1x Bontanical Bronzer, 1x Applicator 3pcs","Make Up & Cosmetics >> Makeup Sets >> Sets & Coffrets","11.55","https://www.cosmeticsnow.com.au/iteminfo/Physicians-Formula-Makeup-Set-8660:-1x-Shimmer-Strips-Eye-Enhancing-Shadow-1x-Bontanical-Bronzer-1x-Applicator-3pcs"
"276899","Billion Dollar Brows","Glitter Brows Gel Set: 2x Glitter Brows Gel 2x3ml","Make Up & Cosmetics >> Makeup Sets >> Sets & Coffrets","20.21","https://www.cosmeticsnow.com.au/iteminfo/Billion-Dollar-Brows-Glitter-Brows-Gel-Set:-2x-Glitter-Brows-Gel-Stardust-Pixie-2x3ml"
"282586","NARS","NARSissist L'Amour, Toujours L'Amour Eyeshadow Palette 24.8g","Make Up & Cosmetics >> Makeup Sets >> Sets & Coffrets","80.95","https://www.cosmeticsnow.com.au/iteminfo/NARSissist-L'Amour-Toujours-L'Amour-Eyeshadow-Palette-12x-Eyeshadow-24.8g"
"294784","Christian Dior","Designer Palette Edition Voyage 18.2g","Make Up & Cosmetics >> Makeup Sets >> Sets & Coffrets","119.95","https://www.cosmeticsnow.com.au/iteminfo/Christian-Dior-Designer-Palette-Edition-Voyage-2x-Blush-5x-Eyeshadow-4x-Lip-Color-3x-Applicator-18.2g"
"300321","One Direction","Make Up Palette - Harry","Make Up & Cosmetics >> Makeup Sets >> Sets & Coffrets","10.83","https://www.cosmeticsnow.com.au/iteminfo/One-Direction-Make-Up-Palette-Harry"
"300324","One Direction","Make Up Palette - Niall","Make Up & Cosmetics >> Makeup Sets >> Sets & Coffrets","10.83","https://www.cosmeticsnow.com.au/iteminfo/One-Direction-Make-Up-Palette-Niall"
"308245","Lancome","L'absolu Palette Complete Look - # Parisienne Chic 20.9g","Make Up & Cosmetics >> Makeup Sets >> Sets & Coffrets","93.95","https://www.cosmeticsnow.com.au/iteminfo/Lancome-L'absolu-Palette-Complete-Look-no-Parisienne-Chic-20.9g"
"312244","BYS","8 Palette Matte Eyeshadow - # Matte Neutrals 8g","Make Up & Cosmetics >> Makeup Sets >> Sets & Coffrets","7.94","https://www.cosmeticsnow.com.au/iteminfo/BYS-8-Palette-Matte-Eyeshadow-no-Matte-Neutrals-8g"
"275645","NARS","Andy Warhol Walk On The Wild Side Set 3pcs","Make Up & Cosmetics >> Makeup Sets >> Sets & Coffrets","48.95","https://www.cosmeticsnow.com.au/iteminfo/NARS-Andy-Warhol-Walk-On-The-Wild-Side-Set-1xMini-Illuminator-1xMini-Nail-Polish-1xMini-Lip-Gloss-3pcs"
"286709","Smashbox","L.A. Lights Blush & Highlight Palette - #Culver City Coral 8.7g","Make Up & Cosmetics >> Makeup Sets >> Sets & Coffrets","52.95","https://www.cosmeticsnow.com.au/iteminfo/Smashbox-L.A.-Lights-Blush-and-Highlight-Palette-noCulver-City-Coral-8.7g"
"298003","L'Oreal","Color Riche Eyeshadow Palette - 7g","Make Up & Cosmetics >> Makeup Sets >> Sets & Coffrets","12.27","https://www.cosmeticsnow.com.au/iteminfo/L'Oreal-Color-Riche-Eyeshadow-Palette-Gold-7g"
"312245","BYS","Glitter Eye Creme Palette - # 02 Le Freak Cest Chic 6g","Make Up & Cosmetics >> Makeup Sets >> Sets & Coffrets","7.94","https://www.cosmeticsnow.com.au/iteminfo/BYS-Glitter-Eye-Creme-Palette-no-02-Le-Freak-Cest-Chic-6g"
"253810","BareMinerals","i.d. Eye Color Set: 4 x Eye Shadow + 1 x Bag 4pcs +1bag","Make Up & Cosmetics >> Makeup Sets >> Sets & Coffrets","52.95","https://www.cosmeticsnow.com.au/iteminfo/i.d.-BareMinerals-Eye-Color-Set:-4-x-Eye-Shadow-+-1-x-Bag-4pcs-+1bag"
"294723","BYS","On The Go Powder - Contour 10g","Make Up & Cosmetics >> Makeup Sets >> Sets & Coffrets","8.66","https://www.cosmeticsnow.com.au/iteminfo/BYS-On-The-Go-Powder-Contour-10g"
"294849","Cameleon","MakeUp Kit Deluxe G2215 (24x Eyeshadow, 3x Blusher, 2x Pressed Powder, 5x Lipgloss, 2x Applicator)","Make Up & Cosmetics >> Makeup Sets >> Sets & Coffrets","16.6","https://www.cosmeticsnow.com.au/iteminfo/Cameleon-MakeUp-Kit-Deluxe-G2215-24x-Eyeshadow-3x-Blusher-2x-Pressed-Powder-5x-Lipgloss-2x-Applicator"
"296832","Laura Mercier","Extreme Neutrals Eye Shadow Palette 11.6g","Make Up & Cosmetics >> Makeup Sets >> Sets & Coffrets","69.95","https://www.cosmeticsnow.com.au/iteminfo/Laura-Mercier-Extreme-Neutrals-Eye-Shadow-Palette-11.6g"
"296834","Youngblood","Illuminate Palette 13.2g","Make Up & Cosmetics >> Makeup Sets >> Sets & Coffrets","46.95","https://www.cosmeticsnow.com.au/iteminfo/Youngblood-Illuminate-Palette-13.2g"
"297317","BareMinerals","Get Started Mineral Foundation Kit - # 18 Medium Tan 4pcs","Make Up & Cosmetics >> Makeup Sets >> Sets & Coffrets","46.95","https://www.cosmeticsnow.com.au/iteminfo/BareMinerals-Get-Started-Mineral-Foundation-Kit-no-18-Medium-Tan-4pcs"
"298049","Youngblood","Mineral Radiance Kit - # Sun Kissed In Malibu 3pcs","Make Up & Cosmetics >> Makeup Sets >> Sets & Coffrets","41.95","https://www.cosmeticsnow.com.au/iteminfo/Youngblood-Mineral-Radiance-Kit-no-Sun-Kissed-In-Malibu-3pcs"
"305451","BYS","Eyeshadow Palette - Peach 12g","Make Up & Cosmetics >> Makeup Sets >> Sets & Coffrets","13.71","https://www.cosmeticsnow.com.au/iteminfo/BYS-Eyeshadow-Palette-12x-Eyeshadow-2x-Applicator-Peach-12g"
"308184","Maybelline","Color Contour Lip Palette - # 02 Blushed Bombshell 5g","Make Up & Cosmetics >> Makeup Sets >> Sets & Coffrets","9.38","https://www.cosmeticsnow.com.au/iteminfo/Maybelline-Color-Contour-Lip-Palette-no-02-Blushed-Bombshell-5g"
"313234","BYS","Festival Eyeshadow Palette 20x1g","Make Up & Cosmetics >> Makeup Sets >> Sets & Coffrets","11.55","https://www.cosmeticsnow.com.au/iteminfo/BYS-Festival-Eyeshadow-Palette-20x-Eyeshadow-20x1g"
"282137","Yves Saint Laurent","Very YSL Makeup Palette 11.7g","Make Up & Cosmetics >> Makeup Sets >> Travel Sets","66.95","https://www.cosmeticsnow.com.au/iteminfo/Yves-Saint-Laurent-Very-YSL-Makeup-Palette-Silver-Edition-1x-Blush-2x-Lipcolour-4x-Eyeshadow-3x-Applicator-11.7g"
"285765","TheBalm","Balm Appetit Eyeshadow Palette 13.5g","Make Up & Cosmetics >> Makeup Sets >> Sets & Coffrets","52.95","https://www.cosmeticsnow.com.au/iteminfo/TheBalm-Balm-Appetit-Eyeshadow-Palette-13.5g"
"294719","BYS","Creme Contouring Palette 20g","Make Up & Cosmetics >> Makeup Sets >> Sets & Coffrets","13.71","https://www.cosmeticsnow.com.au/iteminfo/BYS-Creme-Contouring-Palette-3x-Contouring-Powder-3x-Highlighting-Powder-20g"
"294850","Cameleon","MakeUp Kit Deluxe G2127 (20x Eyeshadow, 3x Blusher, 2x Pressed Powder, 6x Lipgloss, 2x Applicator)","Make Up & Cosmetics >> Makeup Sets >> Sets & Coffrets","12.27","https://www.cosmeticsnow.com.au/iteminfo/Cameleon-MakeUp-Kit-Deluxe-G2127-20x-Eyeshadow-3x-Blusher-2x-Pressed-Powder-6x-Lipgloss-2x-Applicator"
"303263","Jane Iredale","Pure & Simple Makeup Kit - # Medium Light","Make Up & Cosmetics >> Makeup Sets >> Sets & Coffrets","42.95","https://www.cosmeticsnow.com.au/iteminfo/Jane-Iredale-Pure-and-Simple-Makeup-Kit-no-Medium-Light"
"304567","Benefit","They're Real Push Up & Away Set 2pcs","Make Up & Cosmetics >> Makeup Sets >> Sets & Coffrets","64.95","https://www.cosmeticsnow.com.au/iteminfo/Benefit-They're-Real-Push-Up-and-Away-Set-2pcs"
"308609","Tweezerman","Mini Nail Rescue 4pcs Set - # With Pink Nail File 4pcs","Make Up & Cosmetics >> Makeup Sets >> Sets & Coffrets","26.95","https://www.cosmeticsnow.com.au/iteminfo/Tweezerman-Mini-Nail-Rescue-4pcs-Set-no-With-Pink-Nail-File-4pcs"
"311603","LashFood","Lash Transformation System: 4pcs","Make Up & Cosmetics >> Makeup Sets >> Sets & Coffrets","146.95","https://www.cosmeticsnow.com.au/iteminfo/LashFood-Lash-Transformation-System:-1x-Eyelash-Enhancer-1x-Lash-Primer-1x-Mascara-1x-Eye-Makeup-Remover-4pcs"
"312239","BYS","Colour Correcting Creme Palette 18g","Make Up & Cosmetics >> Makeup Sets >> Sets & Coffrets","8.66","https://www.cosmeticsnow.com.au/iteminfo/BYS-Colour-Correcting-Creme-Palette-18g"
"312243","BYS","8 Palette Metallic Eyeshadow - # Metallics Browns 8g","Make Up & Cosmetics >> Makeup Sets >> Sets & Coffrets","7.94","https://www.cosmeticsnow.com.au/iteminfo/BYS-8-Palette-Metallic-Eyeshadow-no-Metallics-Browns-8g"
"313235","BYS","Glitter Creme Palette 20x0.5g","Make Up & Cosmetics >> Makeup Sets >> Sets & Coffrets","11.55","https://www.cosmeticsnow.com.au/iteminfo/BYS-Glitter-Creme-Palette-20x-Eyeshadow-20x0.5g"
"315231","Stila","Holiday Dreamer Duo Set : 2pcs","Make Up & Cosmetics >> Makeup Sets >> Sets & Coffrets","19.49","https://www.cosmeticsnow.com.au/iteminfo/Stila-Holiday-Dreamer-Duo-Set-:-1x-Aqua-Glow-Watercolor-Blush-1x-Stay-All-Day-Liquid-Lipstick-2pcs"
"124603","Billion Dollar Brows","60 Seconds to Contoured Brows Kit 3pcs","Make Up & Cosmetics >> Makeup Sets >> Travel Sets","29.95","https://www.cosmeticsnow.com.au/iteminfo/Billion-Dollar-Brows-60-Seconds-to-Contoured-Brows-Kit-1x-Brow-Duo-Pencil-1x-Smudge-Brush-1x-Duo-Sharpener-3pcs"
"138039","GloMinerals","GloBrow Collection - Taupe","Make Up & Cosmetics >> Makeup Sets >> Sets & Coffrets","66.95","https://www.cosmeticsnow.com.au/iteminfo/GloMinerals-GloBrow-Collection-Taupe"
"276585","Laura Mercier","Candleglow Luminizing Palette (4x Eye Colour, 2x Luminizing Face Powder)","Make Up & Cosmetics >> Makeup Sets >> Sets & Coffrets","99.95","https://www.cosmeticsnow.com.au/iteminfo/Laura-Mercier-Candleglow-Luminizing-Palette-4x-Eye-Colour-2x-Luminizing-Face-Powder"
"294785","Christian Dior","Designer Palette Edition Voyage 17.7g","Make Up & Cosmetics >> Makeup Sets >> Sets & Coffrets","119.95","https://www.cosmeticsnow.com.au/iteminfo/Christian-Dior-Designer-Palette-Edition-Voyage-Harmony-Rose-17.7g"
"297946","L'Oreal","Color Riche Eyeshadow Palette - 7g","Make Up & Cosmetics >> Makeup Sets >> Sets & Coffrets","12.27","https://www.cosmeticsnow.com.au/iteminfo/L'Oreal-Color-Riche-Eyeshadow-Palette-Smoky-7g"
"297962","BareMinerals","Paint The Town Lip Set 2pcs","Make Up & Cosmetics >> Makeup Sets >> Sets & Coffrets","32.95","https://www.cosmeticsnow.com.au/iteminfo/BareMinerals-Paint-The-Town-Lip-Set-2pcs"
"298452","Estee Lauder","The Estee Edit Eyeshadow Palette 21.5g","Make Up & Cosmetics >> Makeup Sets >> Sets & Coffrets","34.95","https://www.cosmeticsnow.com.au/iteminfo/Estee-Lauder-The-Estee-Edit-Eyeshadow-Palette-21.5g"
"298466","Lancome","Hypnose Doll Eyes Set Doll Eyes Mascara 6.5ml/bi-facil 30ml/mini Crayon 5ml 5ml","Make Up & Cosmetics >> Makeup Sets >> Sets & Coffrets","56.95","https://www.cosmeticsnow.com.au/iteminfo/Lancome-Hypnose-Doll-Eyes-Set-Doll-Eyes-Mascara-6.5ml/bi%7C-facil-30ml/mini-Crayon-5ml-5ml"
"298477","Tweezerman","Rose Gold Love Story Gift Set 2pcs+1bag","Make Up & Cosmetics >> Makeup Sets >> Sets & Coffrets","53.95","https://www.cosmeticsnow.com.au/iteminfo/Tweezerman-Rose-Gold-Love-Story-Gift-Set-2pcs+1bag"
"299163","Make Up For Ever","Pro Sculpting Brow Palette - # 1 6.25g","Make Up & Cosmetics >> Makeup Sets >> Sets & Coffrets","55.95","https://www.cosmeticsnow.com.au/iteminfo/Make-Up-For-Ever-Pro-Sculpting-Brow-Palette-no-1-Harmony-1-6.25g"
"302440","Smashbox","Step By Step Contour Kit 45996 11.47g","Make Up & Cosmetics >> Makeup Sets >> Sets & Coffrets","50.95","https://www.cosmeticsnow.com.au/iteminfo/Smashbox-Step-By-Step-Contour-Kit-1-x-Contour-Palette-+-1-x-Contour-Brush-%7C-Deep-Medium/Dark-45996-11.47g"
"303265","Jane Iredale","Pure & Simple Makeup Kit - # Medium Dark","Make Up & Cosmetics >> Makeup Sets >> Sets & Coffrets","42.95","https://www.cosmeticsnow.com.au/iteminfo/Jane-Iredale-Pure-and-Simple-Makeup-Kit-no-Medium-Dark"
"303856","Bobbi Brown","Sandy Nude Eye Palette 10.8g","Make Up & Cosmetics >> Makeup Sets >> Sets & Coffrets","86.95","https://www.cosmeticsnow.com.au/iteminfo/Bobbi-Brown-Sandy-Nude-Eye-Palette-10.8g"
"304637","Sulwhasoo","Essential Lip Serum Stick Trio - # No. 3, # No. 4, # No. 5 3x3g","Make Up & Cosmetics >> Makeup Sets >> Sets & Coffrets","106.95","https://www.cosmeticsnow.com.au/iteminfo/Sulwhasoo-Essential-Lip-Serum-Stick-Trio-no-No.-3-no-No.-4-no-No.-5-3x3g"
"304641","Tweezerman","Professional Manicure Kit 4pcs","Make Up & Cosmetics >> Makeup Sets >> Sets & Coffrets","64.95","https://www.cosmeticsnow.com.au/iteminfo/Tweezerman-Professional-Manicure-Kit-4pcs"
"304757","Chanel","Palette Essentielle - # 150 Beige Clair 9g","Make Up & Cosmetics >> Makeup Sets >> Sets & Coffrets","116.95","https://www.cosmeticsnow.com.au/iteminfo/Chanel-Palette-Essentielle-Conceal-Highlight-and-Color-no-150-Beige-Clair-9g"
"305449","BYS","Eyeshadow Palette - Cosmic 12g","Make Up & Cosmetics >> Makeup Sets >> Sets & Coffrets","13.71","https://www.cosmeticsnow.com.au/iteminfo/BYS-Eyeshadow-Palette-12x-Eyeshadow-2x-Applicator-Cosmic-12g"
"305744","BYS","Eyeshadow Palette - Metals 12g","Make Up & Cosmetics >> Makeup Sets >> Sets & Coffrets","13.71","https://www.cosmeticsnow.com.au/iteminfo/BYS-Eyeshadow-Palette-12x-Eyeshadow-2x-Applicator-Metals-12g"
"307494","Covergirl","Katy Kat Eye Mascara + Perfect Point Plus Eye Pencil 2pcs","Make Up & Cosmetics >> Makeup Sets >> Sets & Coffrets","7.94","https://www.cosmeticsnow.com.au/iteminfo/Covergirl-Katy-Kat-Eye-Mascara-+-Perfect-Point-Plus-Eye-Pencil-2pcs"
"308508","Tweezerman","Micro Mini Palette 4pcs","Make Up & Cosmetics >> Makeup Sets >> Sets & Coffrets","22.07","https://www.cosmeticsnow.com.au/iteminfo/Tweezerman-Micro-Mini-Palette-4pcs"
"312240","BYS","Concealer Creme Palette 18g","Make Up & Cosmetics >> Makeup Sets >> Sets & Coffrets","8.66","https://www.cosmeticsnow.com.au/iteminfo/BYS-Concealer-Creme-Palette-18g"
"312241","BYS","Eyeshadow Palette - Nude Exposed 24g","Make Up & Cosmetics >> Makeup Sets >> Sets & Coffrets","20.93","https://www.cosmeticsnow.com.au/iteminfo/BYS-Eyeshadow-Palette-24x-Eyeshadow-2x-Applicator-Nude-Exposed-24g"
"312242","BYS","Highlighting Powder Palette 18g","Make Up & Cosmetics >> Makeup Sets >> Sets & Coffrets","8.66","https://www.cosmeticsnow.com.au/iteminfo/BYS-Highlighting-Powder-Palette-18g"
"312462","Too Faced","Naughty Kisses & Sweet Cheeks Set","Make Up & Cosmetics >> Makeup Sets >> Sets & Coffrets","32.95","https://www.cosmeticsnow.com.au/iteminfo/Too-Faced-Naughty-Kisses-and-Sweet-Cheeks-Set"
"313239","Cargo","Travel Gel Lip Color Kit 6x2g","Make Up & Cosmetics >> Makeup Sets >> Sets & Coffrets","28.95","https://www.cosmeticsnow.com.au/iteminfo/Cargo-Travel-Gel-Lip-Color-Kit-6x2g"
"313265","Becca","Ocean Jewels Highlighter Palette 14.95g","Make Up & Cosmetics >> Makeup Sets >> Sets & Coffrets","64.95","https://www.cosmeticsnow.com.au/iteminfo/Becca-Ocean-Jewels-Highlighter-Palette-14.95g"
"314087","Becca","Glow Essentials Kit 4pcs","Make Up & Cosmetics >> Makeup Sets >> Sets & Coffrets","58.95","https://www.cosmeticsnow.com.au/iteminfo/Becca-Glow-Essentials-Kit-4pcs"
"315522","Laura Geller","The Delectables Eye Shadow Palette - # Delicious Shades Of Nude 14x0.4g","Make Up & Cosmetics >> Makeup Sets >> Sets & Coffrets","24.95","https://www.cosmeticsnow.com.au/iteminfo/Laura-Geller-The-Delectables-Eye-Shadow-Palette-no-Delicious-Shades-Of-Nude-14x0.4g"
"315560","Laura Geller","Lights Of Venice An 8 Piece Luminous Beauty Collection - # Medium 8pcs","Make Up & Cosmetics >> Makeup Sets >> Sets & Coffrets","32.95","https://www.cosmeticsnow.com.au/iteminfo/Laura-Geller-Lights-Of-Venice-An-8-Piece-Luminous-Beauty-Collection-no-Medium-8pcs"
"315735","Laura Geller","Mediterranean Journey A 6 Piece Collectin Of Sultry Color Essentials - # Medium 6pcs","Make Up & Cosmetics >> Makeup Sets >> Sets & Coffrets","32.95","https://www.cosmeticsnow.com.au/iteminfo/Laura-Geller-Mediterranean-Journey-A-6-Piece-Collectin-Of-Sultry-Color-Essentials-no-Medium-6pcs"
"254192","Kanebo","Cheek & Lip Makeup Set With Pink Cosmetic Bag 6pcs+1bag","Make Up & Cosmetics >> Makeup Sets >> Sets & Coffrets","126.95","https://www.cosmeticsnow.com.au/iteminfo/Kanebo-Cheek-and-Lip-Makeup-Set-With-Pink-Cosmetic-Bag-2xCheek-Color-3xMode-Gloss-1xBrush-1xCosmetic-Bag-6pcs+1bag"
"297747","BareMinerals","Take Me With You Complexion Rescue Try Me Set - # 03 Buttercream 3pcs+1bag","Make Up & Cosmetics >> Makeup Sets >> Sets & Coffrets","55.95","https://www.cosmeticsnow.com.au/iteminfo/BareMinerals-Take-Me-With-You-Complexion-Rescue-Try-Me-Set-no-03-Buttercream-3pcs+1bag"
"298050","Youngblood","Mineral Radiance Kit - # Bronzed In Santa Barbara 3pcs","Make Up & Cosmetics >> Makeup Sets >> Sets & Coffrets","51.95","https://www.cosmeticsnow.com.au/iteminfo/Youngblood-Mineral-Radiance-Kit-no-Bronzed-In-Santa-Barbara-3pcs"
"298464","Lancome","Grandiose Set Grandiose Mascara 10ml/mini Crayon 01khol 0.7gr/bi Facil 30ml 7ml","Make Up & Cosmetics >> Makeup Sets >> Sets & Coffrets","56.95","https://www.cosmeticsnow.com.au/iteminfo/Lancome-Grandiose-Set-Grandiose-Mascara-10ml/mini-Crayon-01khol-0.7gr/bi-Facil-30ml-7ml"
"298548","NARS","NARSissist Hardwired Eye Kit 8.1g","Make Up & Cosmetics >> Makeup Sets >> Sets & Coffrets","55.95","https://www.cosmeticsnow.com.au/iteminfo/NARSissist-Hardwired-Eye-Kit-8.1g"
"298662","Tweezerman","Alluring Eyes Gift Set 2pcs+1 bag","Make Up & Cosmetics >> Makeup Sets >> Sets & Coffrets","53.95","https://www.cosmeticsnow.com.au/iteminfo/Tweezerman-Alluring-Eyes-Gift-Set-2pcs+1-bag"
"300322","One Direction","Make Up Palette - Liam","Make Up & Cosmetics >> Makeup Sets >> Sets & Coffrets","10.83","https://www.cosmeticsnow.com.au/iteminfo/One-Direction-Make-Up-Palette-Liam"
"300323","One Direction","Make Up Palette - Louis","Make Up & Cosmetics >> Makeup Sets >> Sets & Coffrets","10.83","https://www.cosmeticsnow.com.au/iteminfo/One-Direction-Make-Up-Palette-Louis"
"300362","Clarins","Instant Light Natural Lip Perfector Trio 3pcs","Make Up & Cosmetics >> Makeup Sets >> Sets & Coffrets","56.95","https://www.cosmeticsnow.com.au/iteminfo/Clarins-Instant-Light-Natural-Lip-Perfector-Trio-Limited-Edition-3pcs"
"302330","Smashbox","L.A. Lights Blush & Highlight Palette - #Pacific Coast Pink 8.7g","Make Up & Cosmetics >> Makeup Sets >> Sets & Coffrets","52.95","https://www.cosmeticsnow.com.au/iteminfo/Smashbox-L.A.-Lights-Blush-and-Highlight-Palette-noPacific-Coast-Pink-8.7g"
"302409","Smashbox","Spotlight Palette - Pearl 8.61g","Make Up & Cosmetics >> Makeup Sets >> Sets & Coffrets","54.95","https://www.cosmeticsnow.com.au/iteminfo/Smashbox-Spotlight-Palette-Pearl-8.61g"
"302410","Smashbox","Casey Holmes Spotlight Palette - Gold 8.61g","Make Up & Cosmetics >> Makeup Sets >> Sets & Coffrets","53.95","https://www.cosmeticsnow.com.au/iteminfo/Smashbox-Casey-Holmes-Spotlight-Palette-Gold-8.61g"
"302477","Laura Mercier","Bisous Lip Glace Collection 5x2.8g","Make Up & Cosmetics >> Makeup Sets >> Sets & Coffrets","61.95","https://www.cosmeticsnow.com.au/iteminfo/Laura-Mercier-Bisous-Lip-Glace-Collection-5x2.8g"
"303262","Jane Iredale","Pure & Simple Makeup Kit - # Light","Make Up & Cosmetics >> Makeup Sets >> Sets & Coffrets","42.95","https://www.cosmeticsnow.com.au/iteminfo/Jane-Iredale-Pure-and-Simple-Makeup-Kit-no-Light"
"303264","Jane Iredale","Pure & Simple Makeup Kit - # Medium","Make Up & Cosmetics >> Makeup Sets >> Sets & Coffrets","42.95","https://www.cosmeticsnow.com.au/iteminfo/Jane-Iredale-Pure-and-Simple-Makeup-Kit-no-Medium"
"304390","Cargo","Wanderlust Eye Shadow Palette 12x0.8g","Make Up & Cosmetics >> Makeup Sets >> Sets & Coffrets","16.6","https://www.cosmeticsnow.com.au/iteminfo/Cargo-Wanderlust-Eye-Shadow-Palette-12x-Eye-Shadow-1x-Shadow-Brush-12x0.8g"
"304528","Clarins","Mascara Supra Volume Set 3pcs","Make Up & Cosmetics >> Makeup Sets >> Sets & Coffrets","45.95","https://www.cosmeticsnow.com.au/iteminfo/Clarins-Mascara-Supra-Volume-Set-3pcs"
"308503","Tweezerman","Glitz & Glam Gift Set 4pcs","Make Up & Cosmetics >> Makeup Sets >> Sets & Coffrets","60.95","https://www.cosmeticsnow.com.au/iteminfo/Tweezerman-Glitz-and-Glam-Gift-Set-4pcs"
"308612","Guerlain","Meteorites My Palette 18.2g","Make Up & Cosmetics >> Makeup Sets >> Sets & Coffrets","116.95","https://www.cosmeticsnow.com.au/iteminfo/Guerlain-Meteorites-My-Palette-Light-Revealing-Powder-Blush-and-Highlighter-18.2g"
"308613","Guerlain","Meteorites Travelling Pearls Light Revealing Pearls Of Powder Duo Set - # 2 Light 2x8.5g","Make Up & Cosmetics >> Makeup Sets >> Sets & Coffrets","111.95","https://www.cosmeticsnow.com.au/iteminfo/Guerlain-Meteorites-Travelling-Pearls-Light-Revealing-Pearls-Of-Powder-Duo-Set-no-2-Light-2x8.5g"
"311602","LashFood","BrowFood Brow Transformation System - # Brunette 5pcs","Make Up & Cosmetics >> Makeup Sets >> Sets & Coffrets","146.95","https://www.cosmeticsnow.com.au/iteminfo/LashFood-BrowFood-Brow-Transformation-System-no-Brunette-Light/Medium-5pcs"
"312238","BYS","Bronzing Powder Palette 18g","Make Up & Cosmetics >> Makeup Sets >> Sets & Coffrets","8.66","https://www.cosmeticsnow.com.au/iteminfo/BYS-Bronzing-Powder-Palette-18g"
"312390","Too Faced","Let It Glow Highlight & Blush Kit","Make Up & Cosmetics >> Makeup Sets >> Sets & Coffrets","31.95","https://www.cosmeticsnow.com.au/iteminfo/Too-Faced-Let-It-Glow-Highlight-and-Blush-Kit"
"312962","Cargo","Contour Palette - # Malibu 3x6g","Make Up & Cosmetics >> Makeup Sets >> Sets & Coffrets","24.95","https://www.cosmeticsnow.com.au/iteminfo/Cargo-Contour-Palette-no-Malibu-3x6g"
"312963","Cargo","Contour Palette - # Monaco 3x6g","Make Up & Cosmetics >> Makeup Sets >> Sets & Coffrets","24.95","https://www.cosmeticsnow.com.au/iteminfo/Cargo-Contour-Palette-no-Monaco-3x6g"
"313200","Smashbox","Step By Step Contour Stick Trio Set 3x3.5g","Make Up & Cosmetics >> Makeup Sets >> Sets & Coffrets","70.95","https://www.cosmeticsnow.com.au/iteminfo/Smashbox-Step-By-Step-Contour-Stick-Trio-Set-3x3.5g"
"313238","Cargo","Swimmables Eye Liner Trio 3x0.8g","Make Up & Cosmetics >> Makeup Sets >> Sets & Coffrets","12.27","https://www.cosmeticsnow.com.au/iteminfo/Cargo-Swimmables-Eye-Liner-Trio-3x0.8g"
"313240","Cargo","Swimmables Longwear Eye Kit - Endless Summer 3pcs","Make Up & Cosmetics >> Makeup Sets >> Sets & Coffrets","23.95","https://www.cosmeticsnow.com.au/iteminfo/Cargo-Swimmables-Longwear-Eye-Kit-Endless-Summer-3pcs"
"313266","Becca","Ocean Jewels Eye Palette 14g","Make Up & Cosmetics >> Makeup Sets >> Sets & Coffrets","50.95","https://www.cosmeticsnow.com.au/iteminfo/Becca-Ocean-Jewels-Eye-Palette-14g"
"313781","Cargo","Enjoy Your Journey Eyeshadow Palette 11.1g","Make Up & Cosmetics >> Makeup Sets >> Sets & Coffrets","15.88","https://www.cosmeticsnow.com.au/iteminfo/Cargo-Enjoy-Your-Journey-Eyeshadow-Palette-11.1g"
"314070","BYS","8 Palette Eyeshadow - # Think Pink 8g","Make Up & Cosmetics >> Makeup Sets >> Sets & Coffrets","6.5","https://www.cosmeticsnow.com.au/iteminfo/BYS-8-Palette-Eyeshadow-no-Think-Pink-8g"
"314937","Stila","Morning to Moonlight Waterproof Eye Liner Trio 3pcs","Make Up & Cosmetics >> Makeup Sets >> Sets & Coffrets","39.95","https://www.cosmeticsnow.com.au/iteminfo/Stila-Morning-to-Moonlight-Waterproof-Eye-Liner-Trio-3pcs"
"315509","Laura Geller","31 Shades Eye Shadow Collection 31x0.4g","Make Up & Cosmetics >> Makeup Sets >> Sets & Coffrets","30.95","https://www.cosmeticsnow.com.au/iteminfo/Laura-Geller-31-Shades-Eye-Shadow-Collection-31x0.4g"
"315556","Laura Geller","Chocolate Delights 6 Piece Full Size Face Collection - # Medium 6pcs","Make Up & Cosmetics >> Makeup Sets >> Sets & Coffrets","32.95","https://www.cosmeticsnow.com.au/iteminfo/Laura-Geller-Chocolate-Delights-6-Piece-Full-Size-Face-Collection-no-Medium-6pcs"
"315559","Laura Geller","For The Love Of Chocolate A 7 Piece Collection Of Chocolate Beauty Delights - # Medium 7pcs","Make Up & Cosmetics >> Makeup Sets >> Sets & Coffrets","32.95","https://www.cosmeticsnow.com.au/iteminfo/Laura-Geller-For-The-Love-Of-Chocolate-A-7-Piece-Collection-Of-Chocolate-Beauty-Delights-no-Medium-7pcs"
"254191","Kanebo","Lip Gloss Set With Blue Cosmetic Bag 3pcs+1bag","Make Up & Cosmetics >> Makeup Sets >> Sets & Coffrets","52.95","https://www.cosmeticsnow.com.au/iteminfo/Kanebo-Lip-Gloss-Set-With-Blue-Cosmetic-Bag-3xMode-Gloss-1xCosmetic-Bag-3pcs+1bag"
"289782","Yves Saint Laurent","Couture Brow Palette - #2 Medium To Dark 3.8g","Make Up & Cosmetics >> Makeup Sets >> Sets & Coffrets","94.95","https://www.cosmeticsnow.com.au/iteminfo/Yves-Saint-Laurent-Couture-Brow-Palette-no2-Medium-To-Dark-3.8g"
"294852","Guerlain","KissKiss From Paris Lip Contouring Palette - # 001 Passionate Kiss 3.5g","Make Up & Cosmetics >> Makeup Sets >> Sets & Coffrets","100.95","https://www.cosmeticsnow.com.au/iteminfo/Guerlain-KissKiss-From-Paris-Lip-Contouring-Palette-no-001-Passionate-Kiss-3.5g"
"296841","Laura Mercier","Lightstruck Prismatic Glow Palette 16.7g","Make Up & Cosmetics >> Makeup Sets >> Sets & Coffrets","61.95","https://www.cosmeticsnow.com.au/iteminfo/Laura-Mercier-Lightstruck-Prismatic-Glow-Palette-16.7g"
"297745","BareMinerals","Take Me With You Complexion Rescue Try Me Set - # 01 Opal 3pcs+1bag","Make Up & Cosmetics >> Makeup Sets >> Sets & Coffrets","55.95","https://www.cosmeticsnow.com.au/iteminfo/BareMinerals-Take-Me-With-You-Complexion-Rescue-Try-Me-Set-no-01-Opal-3pcs+1bag"
"297746","BareMinerals","Take Me With You Complexion Rescue Try Me Set - # 02 Vanilla 3pcs+1bag","Make Up & Cosmetics >> Makeup Sets >> Sets & Coffrets","55.95","https://www.cosmeticsnow.com.au/iteminfo/BareMinerals-Take-Me-With-You-Complexion-Rescue-Try-Me-Set-no-02-Vanilla-3pcs+1bag"
"297944","BareMinerals","Take Me With You Complexion Rescue Try Me Set - # 09 Chestnut 3pcs+1bag","Make Up & Cosmetics >> Makeup Sets >> Sets & Coffrets","55.95","https://www.cosmeticsnow.com.au/iteminfo/BareMinerals-Take-Me-With-You-Complexion-Rescue-Try-Me-Set-no-09-Chestnut-3pcs+1bag"
"300325","One Direction","Make Up Palette - Zayn","Make Up & Cosmetics >> Makeup Sets >> Sets & Coffrets","10.83","https://www.cosmeticsnow.com.au/iteminfo/One-Direction-Make-Up-Palette-Zayn"
"300742","Yves Saint Laurent","Couture Variation Collector 10 Colour Lip & Eye Palette - # 5 Nothing Is Forbidden 5g","Make Up & Cosmetics >> Makeup Sets >> Sets & Coffrets","116.95","https://www.cosmeticsnow.com.au/iteminfo/Yves-Saint-Laurent-Couture-Variation-Collector-10-Colour-Lip-and-Eye-Palette-no-5-Nothing-Is-Forbidden-5g"
"301538","Tweezerman","Brow Beauty Essentials Kit 3pcs+1bag","Make Up & Cosmetics >> Makeup Sets >> Sets & Coffrets","63.95","https://www.cosmeticsnow.com.au/iteminfo/Tweezerman-Brow-Beauty-Essentials-Kit-3pcs+1bag"
"301769","BareMinerals","Get Started Mineral Foundation Kit - # 07 Golden Ivory 4pcs","Make Up & Cosmetics >> Makeup Sets >> Sets & Coffrets","46.95","https://www.cosmeticsnow.com.au/iteminfo/BareMinerals-Get-Started-Mineral-Foundation-Kit-no-07-Golden-Ivory-4pcs"
"302404","Smashbox","L.A. Lights Blush & Highlight Palette - # Malibu Berry 8.7g","Make Up & Cosmetics >> Makeup Sets >> Sets & Coffrets","52.95","https://www.cosmeticsnow.com.au/iteminfo/Smashbox-L.A.-Lights-Blush-and-Highlight-Palette-no-Malibu-Berry-8.7g"
"302479","Laura Mercier","The Art Of Exotic Colour Collection","Make Up & Cosmetics >> Makeup Sets >> Sets & Coffrets","66.95","https://www.cosmeticsnow.com.au/iteminfo/Laura-Mercier-The-Art-Of-Exotic-Colour-Collection"
"303857","Bobbi Brown","Lip Color Trio - #1 Salmon, #6 Pink, #22 Sandwash Pink 3x3.4g","Make Up & Cosmetics >> Makeup Sets >> Sets & Coffrets","76.95","https://www.cosmeticsnow.com.au/iteminfo/Bobbi-Brown-Lip-Color-Trio-no1-Salmon-no6-Pink-no22-Sandwash-Pink-3x3.4g"
"304013","Lipstick Queen","Smokey Lip Kit - # Pinky Nude 2x3.5g","Make Up & Cosmetics >> Makeup Sets >> Sets & Coffrets","45.95","https://www.cosmeticsnow.com.au/iteminfo/Lipstick-Queen-Smokey-Lip-Kit-no-Pinky-Nude-2x3.5g"
"304014","Lipstick Queen","Smokey Lip Kit - # Bright Natural 2x3.5g","Make Up & Cosmetics >> Makeup Sets >> Sets & Coffrets","45.95","https://www.cosmeticsnow.com.au/iteminfo/Lipstick-Queen-Smokey-Lip-Kit-no-Bright-Natural-2x3.5g"
"305450","BYS","Eyeshadow Palette - Fantasy 12g","Make Up & Cosmetics >> Makeup Sets >> Sets & Coffrets","13.71","https://www.cosmeticsnow.com.au/iteminfo/BYS-Eyeshadow-Palette-12x-Eyeshadow-2x-Applicator-Fantasy-12g"
"305452","BYS","Sculpt & Glow Palette 18g","Make Up & Cosmetics >> Makeup Sets >> Sets & Coffrets","13.71","https://www.cosmeticsnow.com.au/iteminfo/BYS-Sculpt-and-Glow-Palette-Highlight-Bronze-and-Blush-18g"
"306051","Bobbi Brown","Luxe Lip Color Trio - #20 Retro Coral, #26 Retro Red, #29 Sunset Orange 3x3.8g","Make Up & Cosmetics >> Makeup Sets >> Sets & Coffrets","130.95","https://www.cosmeticsnow.com.au/iteminfo/Bobbi-Brown-Luxe-Lip-Color-Trio-no20-Retro-Coral-no26-Retro-Red-no29-Sunset-Orange-3x3.8g"
"308504","Tweezerman","Sparkle & Shine Gift Set 4pcs","Make Up & Cosmetics >> Makeup Sets >> Sets & Coffrets","64.95","https://www.cosmeticsnow.com.au/iteminfo/Tweezerman-Sparkle-and-Shine-Gift-Set-4pcs"
"308723","Tweezerman","Rose Gold Glam Up Gift Set 2pcs","Make Up & Cosmetics >> Makeup Sets >> Sets & Coffrets","44.95","https://www.cosmeticsnow.com.au/iteminfo/Tweezerman-Rose-Gold-Glam-Up-Gift-Set-2pcs"
"311604","LashFood","BrowFood Brow Transformation System - # Dark Brunette 5pcs","Make Up & Cosmetics >> Makeup Sets >> Sets & Coffrets","146.95","https://www.cosmeticsnow.com.au/iteminfo/LashFood-BrowFood-Brow-Transformation-System-no-Dark-Brunette-Medium/Dark-5pcs"
"312454","By Terry","Sun Designer Palette Sunkiss Powders - # 5 Happy Chic 15g","Make Up & Cosmetics >> Makeup Sets >> Sets & Coffrets","64.95","https://www.cosmeticsnow.com.au/iteminfo/By-Terry-Sun-Designer-Palette-Sunkiss-Powders-Bronzer-/-Blush-/-Highlighter-no-5-Happy-Chic-15g"
"312455","By Terry","Sun Designer Palette Sunkiss Powders - # 6 Happy Sun 15g","Make Up & Cosmetics >> Makeup Sets >> Sets & Coffrets","64.95","https://www.cosmeticsnow.com.au/iteminfo/By-Terry-Sun-Designer-Palette-Sunkiss-Powders-Bronzer-/-Blush-/-Highlighter-no-6-Happy-Sun-15g"
"312524","Estee Lauder","Travel In Color Makeup Palette (4x Eyeshadow, 4x Lipcolor, 1x Blush, 1x Mascara, 1x Eye Pencil)","Make Up & Cosmetics >> Makeup Sets >> Sets & Coffrets","91.95","https://www.cosmeticsnow.com.au/iteminfo/Estee-Lauder-Travel-In-Color-Makeup-Palette-4x-Eyeshadow-4x-Lipcolor-1x-Blush-1x-Mascara-1x-Eye-Pencil"
"312882","Smashbox","Full Exposure Eyeshadow Palette 14g","Make Up & Cosmetics >> Makeup Sets >> Sets & Coffrets","80.95","https://www.cosmeticsnow.com.au/iteminfo/Smashbox-Full-Exposure-Eyeshadow-Palette-14g"
"312883","Smashbox","Photo Matte Eyes Shadow/ Liner/ Brow Power Palette 14g","Make Up & Cosmetics >> Makeup Sets >> Sets & Coffrets","76.95","https://www.cosmeticsnow.com.au/iteminfo/Smashbox-Photo-Matte-Eyes-Shadow/-Liner/-Brow-Power-Palette-14g"
"312961","Cargo","HD Picture Perfect Illuminating Palette 3x3.6g","Make Up & Cosmetics >> Makeup Sets >> Sets & Coffrets","19.49","https://www.cosmeticsnow.com.au/iteminfo/Cargo-HD-Picture-Perfect-Illuminating-Palette-3x3.6g"
"313237","BYS","Essentials Exposed Palette 24g","Make Up & Cosmetics >> Makeup Sets >> Sets & Coffrets","28.95","https://www.cosmeticsnow.com.au/iteminfo/BYS-Essentials-Exposed-Palette-Face-Eye-and-Brow-1x-Applicator-24g"
"313241","Cargo","Swimmables Longwear Eye Kit - Sun Kissed 3pcs","Make Up & Cosmetics >> Makeup Sets >> Sets & Coffrets","23.95","https://www.cosmeticsnow.com.au/iteminfo/Cargo-Swimmables-Longwear-Eye-Kit-Sun-Kissed-3pcs"
"313252","Smashbox","Get Framed Eye Duo Set : 2pcs","Make Up & Cosmetics >> Makeup Sets >> Sets & Coffrets","56.95","https://www.cosmeticsnow.com.au/iteminfo/Smashbox-Get-Framed-Eye-Duo-Set-:--1x-Full-Exposure-Mascara-1x-Brow-Tech-To-Go-2pcs"
"313257","BYS","Glitter Eye Creme Palette - # 04 Razzle Dazzle 6g","Make Up & Cosmetics >> Makeup Sets >> Sets & Coffrets","6.5","https://www.cosmeticsnow.com.au/iteminfo/BYS-Glitter-Eye-Creme-Palette-no-04-Razzle-Dazzle-6g"
"313264","Becca","Be A Light Face Palette - # Medium To Deep 15g","Make Up & Cosmetics >> Makeup Sets >> Sets & Coffrets","64.95","https://www.cosmeticsnow.com.au/iteminfo/Becca-Be-A-Light-Face-Palette-no-Medium-To-Deep-15g"
"313744","Cargo","Mascara Kit 3pcs","Make Up & Cosmetics >> Makeup Sets >> Sets & Coffrets","24.95","https://www.cosmeticsnow.com.au/iteminfo/Cargo-Mascara-Kit-3pcs"
"313840","Cargo","Eye Contour Eye Shadow Palette - # 01 10.8g","Make Up & Cosmetics >> Makeup Sets >> Sets & Coffrets","32.95","https://www.cosmeticsnow.com.au/iteminfo/Cargo-Eye-Contour-Eye-Shadow-Palette-no-01-10.8g"
"313841","Cargo","Eye Contour Eye Shadow Palette - # 02 10.8g","Make Up & Cosmetics >> Makeup Sets >> Sets & Coffrets","32.95","https://www.cosmeticsnow.com.au/iteminfo/Cargo-Eye-Contour-Eye-Shadow-Palette-no-02-10.8g"
"314027","Guerlain","Meteorites Travelling Pearls Illuminating Pearls Of Powder & Blush Duo Set 2x8.5g","Make Up & Cosmetics >> Makeup Sets >> Sets & Coffrets","80.95","https://www.cosmeticsnow.com.au/iteminfo/Guerlain-Meteorites-Travelling-Pearls-Illuminating-Pearls-Of-Powder-and-Blush-Duo-Set-2x8.5g"
"314085","Elizabeth Arden","Bronze In The City Color Collection 4pcs","Make Up & Cosmetics >> Makeup Sets >> Sets & Coffrets","50.95","https://www.cosmeticsnow.com.au/iteminfo/Elizabeth-Arden-Bronze-In-The-City-Color-Collection-Box-Slightly-Damaged-4pcs"
"314190","Bourjois","Eyeshadow Palette - # 02 Le Smoky 4.5g","Make Up & Cosmetics >> Makeup Sets >> Sets & Coffrets","18.04","https://www.cosmeticsnow.com.au/iteminfo/Bourjois-Eyeshadow-Palette-no-02-Le-Smoky-8x-Eyeshadow-1x-Double-Ended-Applicator-4.5g"
"314468","Cargo","Havana Nights Eye Shadow Palette 12x0.8g","Make Up & Cosmetics >> Makeup Sets >> Sets & Coffrets","34.95","https://www.cosmeticsnow.com.au/iteminfo/Cargo-Havana-Nights-Eye-Shadow-Palette-12x-Eyeshadow-1x-Dual-End-Brush-12x0.8g"
"314493","Cargo","HD Picture Perfect Gradient Eye Shadow Palette 4x3.6g","Make Up & Cosmetics >> Makeup Sets >> Sets & Coffrets","32.95","https://www.cosmeticsnow.com.au/iteminfo/Cargo-HD-Picture-Perfect-Gradient-Eye-Shadow-Palette-4x-Eyeshadow-4x3.6g"
"314593","Cargo","The Essentials Eyeshadow Palette (12x Eyeshadow, 1x Eye Liner Pencil, 1x Dual Ended Brush)","Make Up & Cosmetics >> Makeup Sets >> Sets & Coffrets","34.95","https://www.cosmeticsnow.com.au/iteminfo/Cargo-The-Essentials-Eyeshadow-Palette-12x-Eyeshadow-1x-Eye-Liner-Pencil-1x-Dual-Ended-Brush"
"314917","Stila","Stay All Day Foundation, Concealer & Brush Kit - # 1 Bare 2pcs","Make Up & Cosmetics >> Makeup Sets >> Sets & Coffrets","44.95","https://www.cosmeticsnow.com.au/iteminfo/Stila-Stay-All-Day-Foundation-Concealer-and-Brush-Kit-no-1-Bare-2pcs"
"314933","Stila","Bright & Bold Stay All Day Liquid Lipstick Set 3x1.5ml","Make Up & Cosmetics >> Makeup Sets >> Sets & Coffrets","21.95","https://www.cosmeticsnow.com.au/iteminfo/Stila-Bright-and-Bold-Stay-All-Day-Liquid-Lipstick-Set-3x1.5ml"
"315420","Guerlain","Meteorites Travelling Compact Light Revealing Powder And Brush - 2pcs","Make Up & Cosmetics >> Makeup Sets >> Sets & Coffrets","119.95","https://www.cosmeticsnow.com.au/iteminfo/Guerlain-Meteorites-Travelling-Compact-Light-Revealing-Powder-And-Brush-2-Clair/Light-2pcs"
"315521","Laura Geller","The Delectables Eye Shadow Palette - # Delicious Shades Of Cool 14x 0.4g","Make Up & Cosmetics >> Makeup Sets >> Sets & Coffrets","24.95","https://www.cosmeticsnow.com.au/iteminfo/Laura-Geller-The-Delectables-Eye-Shadow-Palette-no-Delicious-Shades-Of-Cool-14x-0.4g"
"315523","Laura Geller","The Delectables Eye Shadow Palette - # Smokey Neutrals 14x0.4g","Make Up & Cosmetics >> Makeup Sets >> Sets & Coffrets","24.95","https://www.cosmeticsnow.com.au/iteminfo/Laura-Geller-The-Delectables-Eye-Shadow-Palette-no-Smokey-Neutrals-14x0.4g"
"315555","Laura Geller","Chocolate Delights 6 Piece Full Size Face Collection - # Fair 6pcs","Make Up & Cosmetics >> Makeup Sets >> Sets & Coffrets","32.95","https://www.cosmeticsnow.com.au/iteminfo/Laura-Geller-Chocolate-Delights-6-Piece-Full-Size-Face-Collection-no-Fair-6pcs"
"315557","Laura Geller","Drink Up 4 Piece Hydrating Essentials Collection 4pcs","Make Up & Cosmetics >> Makeup Sets >> Sets & Coffrets","23.95","https://www.cosmeticsnow.com.au/iteminfo/Laura-Geller-Drink-Up-4-Piece-Hydrating-Essentials-Collection-4pcs"
"315558","Laura Geller","For The Love Of Chocolate A 7 Piece Collection Of Chocolate Beauty Delights - # Fair 7pcs","Make Up & Cosmetics >> Makeup Sets >> Sets & Coffrets","32.95","https://www.cosmeticsnow.com.au/iteminfo/Laura-Geller-For-The-Love-Of-Chocolate-A-7-Piece-Collection-Of-Chocolate-Beauty-Delights-no-Fair-7pcs"
"315590","Laura Geller","For The Love Of Chocolate A 7 Piece Collection Of Chocolate Beauty Delights - # Tan 7pcs","Make Up & Cosmetics >> Makeup Sets >> Sets & Coffrets","32.95","https://www.cosmeticsnow.com.au/iteminfo/Laura-Geller-For-The-Love-Of-Chocolate-A-7-Piece-Collection-Of-Chocolate-Beauty-Delights-no-Tan-7pcs"
"315728","Laura Geller","Laura's Star Performers Full Size Foundation & Bronzer - # Fair 2pcs","Make Up & Cosmetics >> Makeup Sets >> Sets & Coffrets","20.21","https://www.cosmeticsnow.com.au/iteminfo/Laura-Geller-Laura's-Star-Performers-Full-Size-Foundation-and-Bronzer-no-Fair-2pcs"
"315729","Laura Geller","Les Petites Treats A 4 Piece Patisserie Inspired Collection - # Medium 4pcs","Make Up & Cosmetics >> Makeup Sets >> Sets & Coffrets","26.95","https://www.cosmeticsnow.com.au/iteminfo/Laura-Geller-Les-Petites-Treats-A-4-Piece-Patisserie-Inspired-Collection-no-Medium-4pcs"
"315731","Laura Geller","Les Petites Treats A 4 Piece Patisserie Inspired Collection - # Tan 4pcs","Make Up & Cosmetics >> Makeup Sets >> Sets & Coffrets","26.95","https://www.cosmeticsnow.com.au/iteminfo/Laura-Geller-Les-Petites-Treats-A-4-Piece-Patisserie-Inspired-Collection-no-Tan-4pcs"
"315732","Laura Geller","Roman Holiday A 8 Piece Collection - # Fair 8pcs","Make Up & Cosmetics >> Makeup Sets >> Sets & Coffrets","39.95","https://www.cosmeticsnow.com.au/iteminfo/Laura-Geller-Roman-Holiday-A-8-Piece-Collection-no-Fair-8pcs"
"315733","Laura Geller","Roman Holiday A 8 Piece Collection - # Medium 8pcs","Make Up & Cosmetics >> Makeup Sets >> Sets & Coffrets","39.95","https://www.cosmeticsnow.com.au/iteminfo/Laura-Geller-Roman-Holiday-A-8-Piece-Collection-no-Medium-8pcs"
"315734","Laura Geller","Mediterranean Journey A 6 Piece Collectin Of Sultry Color Essentials - # Fair 6pcs","Make Up & Cosmetics >> Makeup Sets >> Sets & Coffrets","32.95","https://www.cosmeticsnow.com.au/iteminfo/Laura-Geller-Mediterranean-Journey-A-6-Piece-Collectin-Of-Sultry-Color-Essentials-no-Fair-6pcs"
"315760","Laura Geller","So Scrumptious 6 Piece Full Size Beauty Collection - # Fair 6pcs","Make Up & Cosmetics >> Makeup Sets >> Sets & Coffrets","57.95","https://www.cosmeticsnow.com.au/iteminfo/Laura-Geller-So-Scrumptious-6-Piece-Full-Size-Beauty-Collection-no-Fair-Box-Slightly-Damaged-6pcs"
"315832","The Organic Pharmacy","Organic Glam Nude Sparkle Palette 9.2g","Make Up & Cosmetics >> Makeup Sets >> Sets & Coffrets","96.95","https://www.cosmeticsnow.com.au/iteminfo/The-Organic-Pharmacy-Organic-Glam-Nude-Sparkle-Palette-9.2g"
"316134","Bobbi Brown","Bobbi's Cools Eye Shadow Palette 11.5g","Make Up & Cosmetics >> Makeup Sets >> Sets & Coffrets","77.95","https://www.cosmeticsnow.com.au/iteminfo/Bobbi-Brown-Bobbi's-Cools-Eye-Shadow-Palette-12x-Eye-Shadow-11.5g"
"316136","Bobbi Brown","Cool Dusk Eye Palette 8.3g","Make Up & Cosmetics >> Makeup Sets >> Sets & Coffrets","60.95","https://www.cosmeticsnow.com.au/iteminfo/Bobbi-Brown-Cool-Dusk-Eye-Palette-5x-Eye-Shadow-1x-Dual-Ended-Brush-8.3g"
"316246","Urban Decay","Born To Run Eyeshadow Palette 21x0.8g","Make Up & Cosmetics >> Makeup Sets >> Sets & Coffrets","100.95","https://www.cosmeticsnow.com.au/iteminfo/Urban-Decay-Born-To-Run-Eyeshadow-Palette-21x0.8g"
"296351","Glo Skin Beauty","Brow Collection - # Brown","Make Up & Cosmetics >> Makeup Sets >> Travel Sets","70.95","https://www.cosmeticsnow.com.au/iteminfo/Glo-Skin-Beauty-Brow-Collection-no-Brown"
"296353","Glo Skin Beauty","Brow Collection - # Taupe","Make Up & Cosmetics >> Makeup Sets >> Travel Sets","56.95","https://www.cosmeticsnow.com.au/iteminfo/Glo-Skin-Beauty-Brow-Collection-no-Taupe"
"276946","Billion Dollar Brows","The Brow Buddy Kit - 1x Brow Buddy - Pink, 1x Khol Eyeliner - White 2pcs","Make Up & Cosmetics >> Makeup Sets >> Sets & Coffrets","27.95","https://www.cosmeticsnow.com.au/iteminfo/Billion-Dollar-Brows-The-Brow-Buddy-Kit-1x-Brow-Buddy-Pink-1x-Khol-Eyeliner-White-2pcs"
"284405","Revlon","9 Super Lustrous Lip Cube Set 9x4.2g","Make Up & Cosmetics >> Makeup Sets >> Sets & Coffrets","70.95","https://www.cosmeticsnow.com.au/iteminfo/Revlon-9-Super-Lustrous-Lip-Cube-Set-Nude-Edition-9x4.2g"
"302601","Tarte","Tarteist Pro Glow Highlight & Contour Palette 29.7g","Make Up & Cosmetics >> Makeup Sets >> Sets & Coffrets","36.95","https://www.cosmeticsnow.com.au/iteminfo/Tarteist-Pro-Glow-Highlight-and-Contour-Palette-29.7g"
"270845","Cameleon","MakeUp Kit G2211 - 1","Make Up & Cosmetics >> Makeup Sets >> Sets & Coffrets","35.95","https://www.cosmeticsnow.com.au/iteminfo/Cameleon-MakeUp-Kit-G2211-36x-EyeShadow-4x-Blusher-3x-Compact-Powder-6x-Lipgloss-1"
"303680","Laura Mercier","Set & Glow Trio 3pcs","Make Up & Cosmetics >> Makeup Sets >> Sets & Coffrets","64.95","https://www.cosmeticsnow.com.au/iteminfo/Laura-Mercier-Set-and-Glow-Trio-Limited-Edition-3pcs"
"240917","Lancome","Absolu Voyage Palette","Make Up & Cosmetics >> Makeup Sets >> Sets & Coffrets","104.95","https://www.cosmeticsnow.com.au/iteminfo/Lancome-Absolu-Voyage-Palette"
"272493","Youngblood","Professional Mini 6pc Brush Set 6pcs","Make Up & Cosmetics >> Makeup Sets >> Sets & Coffrets","66.95","https://www.cosmeticsnow.com.au/iteminfo/Youngblood-Professional-Mini-6pc-Brush-Set-6pcs"
"276900","Billion Dollar Brows","Best Sellers Kit: 1x Universal Brow Pencil 0.27g, 1x Brow Duo Pencil 2.98g, 1x Smudge Brush, 1x Brow Gel 3ml 4pcs","Make Up & Cosmetics >> Makeup Sets >> Sets & Coffrets","41.95","https://www.cosmeticsnow.com.au/iteminfo/Billion-Dollar-Brows-Best-Sellers-Kit:-1x-Universal-Brow-Pencil-0.27g-1x-Brow-Duo-Pencil-2.98g-1x-Smudge-Brush-1x-Brow-Gel-3ml-4pcs"
"298404","Anastasia Beverly Hills","Glow Kit - Ultimate Glow 6x4.5g","Make Up & Cosmetics >> Makeup Sets >> Sets & Coffrets","62.95","https://www.cosmeticsnow.com.au/iteminfo/Anastasia-Beverly-Hills-Glow-Kit-Ultimate-Glow-6x4.5g"
"286504","Benefit","Do The Hoola Beyond Bronze Kit","Make Up & Cosmetics >> Makeup Sets >> Travel Sets","53.95","https://www.cosmeticsnow.com.au/iteminfo/Benefit-Do-The-Hoola-Beyond-Bronze-Kit"
"228669","Laura Mercier","The Flawless Face Book - # Tan 5pcs","Make Up & Cosmetics >> Makeup Sets >> Sets & Coffrets","42.95","https://www.cosmeticsnow.com.au/iteminfo/Laura-Mercier-The-Flawless-Face-Book-no-Tan-1x-Creme-Compact-1x-Pressed-Powder-w/-sponge-1x-Secret-Camouflage...-5pcs"
"278690","Fresh","Prime & Glow Set: 1x Mini Rose Freshface Primer, 1x Mini Twilight Freshface Glow 2x5ml","Make Up & Cosmetics >> Makeup Sets >> Travel Sets","10.83","https://www.cosmeticsnow.com.au/iteminfo/Prime-and-Glow-Set:-1x-Mini-Rose-Freshface-Primer-1x-Mini-Twilight-Freshface-Glow-2x5ml"
"284534","Laura Geller","Color Brilliance Lustrous Lipstick Trio 3x 1.8g","Make Up & Cosmetics >> Makeup Sets >> Sets & Coffrets","26.95","https://www.cosmeticsnow.com.au/iteminfo/Laura-Geller-Color-Brilliance-Lustrous-Lipstick-Trio-3x-1.8g"
"270846","Cameleon","Laptop Style 56 Colors EyeShadow Palette 8056","Make Up & Cosmetics >> Makeup Sets >> Sets & Coffrets","37.95","https://www.cosmeticsnow.com.au/iteminfo/Cameleon-Laptop-Style-56-Colors-EyeShadow-Palette-8056"
"295237","Benefit","They're Real! Big Sexy Lip Kit 4x0.75g","Make Up & Cosmetics >> Makeup Sets >> Sets & Coffrets","40.95","https://www.cosmeticsnow.com.au/iteminfo/Benefit-They're-Real!-Big-Sexy-Lip-Kit-4x0.75g"
"295002","Clinique","Long Last Lipstick Trio - #0A Runway Coral, #12 Blushing nude, #15 All Heart 3x4g","Make Up & Cosmetics >> Makeup Sets >> Sets & Coffrets","52.95","https://www.cosmeticsnow.com.au/iteminfo/Clinique-Long-Last-Lipstick-Trio-no0A-Runway-Coral-no12-Blushing-nude-no15-All-Heart-3x4g"
"244660","TheBalm","Meet Matte Nude Eyeshadow Palette 25.5g","Make Up & Cosmetics >> Makeup Sets >> Sets & Coffrets","47.95","https://www.cosmeticsnow.com.au/iteminfo/TheBalm-Meet-Matte-Nude-Eyeshadow-Palette-25.5g"
"306669","Burberry","MakeUp Set 4pcs+1bag","Make Up & Cosmetics >> Makeup Sets >> Sets & Coffrets","46.95","https://www.cosmeticsnow.com.au/iteminfo/Burberry-MakeUp-Set-1x-Lip-Colour-1x-Base-1x-Mascara-1x-Eye-Shadow-4pcs+1bag"
"260153","Clarins","Kit Sourcils Pro Perfect Eyes & Brows Palette 5.2g","Make Up & Cosmetics >> Makeup Sets >> Sets & Coffrets","65.95","https://www.cosmeticsnow.com.au/iteminfo/Clarins-Kit-Sourcils-Pro-Perfect-Eyes-and-Brows-Palette-5.2g"
"282389","TheBalm","In Of Your Hand Palette 19g","Make Up & Cosmetics >> Makeup Sets >> Travel Sets","37.95","https://www.cosmeticsnow.com.au/iteminfo/In-TheBalm-Of-Your-Hand-Palette-19g"
"294758","BareMinerals","Get Started Mineral Foundation Kit - # 03 Fairly Light 4pcs","Make Up & Cosmetics >> Makeup Sets >> Sets & Coffrets","46.95","https://www.cosmeticsnow.com.au/iteminfo/BareMinerals-Get-Started-Mineral-Foundation-Kit-no-03-Fairly-Light-4pcs"
"303679","Tweezerman","Mini Nail Rescue 4pcs Set 4pcs","Make Up & Cosmetics >> Makeup Sets >> Travel Sets","31.95","https://www.cosmeticsnow.com.au/iteminfo/Tweezerman-Mini-Nail-Rescue-4pcs-Set-4pcs"
"285764","TheBalm","Voyage Vol.2 Face Palette 21.1g","Make Up & Cosmetics >> Makeup Sets >> Sets & Coffrets","53.95","https://www.cosmeticsnow.com.au/iteminfo/TheBalm-Voyage-Vol.2-Face-Palette-21.1g"
"302478","Laura Mercier","L'amour Exotique Face Illuminator Collection 4x3.3g","Make Up & Cosmetics >> Makeup Sets >> Sets & Coffrets","83.95","https://www.cosmeticsnow.com.au/iteminfo/Laura-Mercier-L'amour-Exotique-Face-Illuminator-Collection-4x3.3g"
"294759","BareMinerals","Get Started Mineral Foundation Kit - # 12 Medium Beige 4pcs","Make Up & Cosmetics >> Makeup Sets >> Sets & Coffrets","46.95","https://www.cosmeticsnow.com.au/iteminfo/BareMinerals-Get-Started-Mineral-Foundation-Kit-no-12-Medium-Beige-4pcs"
"308520","Benefit","City Lights Party Nights Set 4pcs+1bag","Make Up & Cosmetics >> Makeup Sets >> Travel Sets","36.95","https://www.cosmeticsnow.com.au/iteminfo/Benefit-City-Lights-Party-Nights-Set-4pcs+1bag"
"244659","TheBalm","Balm Jovi Rockstar Face Palette 21.6g","Make Up & Cosmetics >> Makeup Sets >> Sets & Coffrets","58.95","https://www.cosmeticsnow.com.au/iteminfo/TheBalm-Balm-Jovi-Rockstar-Face-Palette-21.6g"
"294716","BYS","Eyeshadow Palette - Nude 2 12g","Make Up & Cosmetics >> Makeup Sets >> Sets & Coffrets","17.32","https://www.cosmeticsnow.com.au/iteminfo/BYS-Eyeshadow-Palette-12x-Eyeshadow-2x-Applicator-Nude-2-12g"
"294851","Cameleon","MakeUp Kit Deluxe G2219 (16x Eyeshadow, 4x Blusher, 1x Pressed Powder, 4x Lipgloss, 2x Applicator)","Make Up & Cosmetics >> Makeup Sets >> Sets & Coffrets","12.27","https://www.cosmeticsnow.com.au/iteminfo/Cameleon-MakeUp-Kit-Deluxe-G2219-16x-Eyeshadow-4x-Blusher-1x-Pressed-Powder-4x-Lipgloss-2x-Applicator"
"239549","Anna Sui","Eye Color Set: 4x Eye Color Accent + 1x Eye Gloss + Black Cosmetic Bag 5pcs+1bag","Make Up & Cosmetics >> Makeup Sets >> Sets & Coffrets","112.95","https://www.cosmeticsnow.com.au/iteminfo/Anna-Sui-Eye-Color-Set:-4x-Eye-Color-Accent-+-1x-Eye-Gloss-+-Black-Cosmetic-Bag-5pcs+1bag"
"315736","Laura Geller","So Scrumptious 6 Piece Full Size Beauty Collection - # Fair 6pcs","Make Up & Cosmetics >> Makeup Sets >> Sets & Coffrets","32.95","https://www.cosmeticsnow.com.au/iteminfo/Laura-Geller-So-Scrumptious-6-Piece-Full-Size-Beauty-Collection-no-Fair-6pcs"
"297748","BareMinerals","Take Me With You Complexion Rescue Try Me Set - # 05 Natural 3pcs+1bag","Make Up & Cosmetics >> Makeup Sets >> Sets & Coffrets","62.95","https://www.cosmeticsnow.com.au/iteminfo/BareMinerals-Take-Me-With-You-Complexion-Rescue-Try-Me-Set-no-05-Natural-3pcs+1bag"
"226843","Lancome","Tendre Voyage Makeup Palette: 4x Eye Shadow + Blush + 2x Lip Color + 3x Applicators","Make Up & Cosmetics >> Makeup Sets >> Sets & Coffrets","89.95","https://www.cosmeticsnow.com.au/iteminfo/Lancome-Tendre-Voyage-Makeup-Palette:-4x-Eye-Shadow-+-Blush-+-2x-Lip-Color-+-3x-Applicators"
"261284","Clarins","Make Up Vanity Palette: 1xPowder Compact + 1xBlush + 6xEye Shadows + 1xMini Mascara + 1xMini Lip Glo","Make Up & Cosmetics >> Makeup Sets >> Sets & Coffrets","86.95","https://www.cosmeticsnow.com.au/iteminfo/Clarins-Make-Up-Vanity-Palette:-1xPowder-Compact-+-1xBlush-+-6xEye-Shadows-+-1xMini-Mascara-+-1xMini-Lip-Glo"
"286420","Laura Mercier","Double Impact Eye Colour Collection 11.6g","Make Up & Cosmetics >> Makeup Sets >> Sets & Coffrets","79.95","https://www.cosmeticsnow.com.au/iteminfo/Laura-Mercier-Double-Impact-Eye-Colour-Collection-12x-Eye-Colour-11.6g"
"299793","Make Up For Ever","Pro Sculpting Brow Palette - # 2 6.25g","Make Up & Cosmetics >> Makeup Sets >> Sets & Coffrets","55.95","https://www.cosmeticsnow.com.au/iteminfo/Make-Up-For-Ever-Pro-Sculpting-Brow-Palette-no-2-Harmony-2-6.25g"
"301770","BareMinerals","Get Started Mineral Foundation Kit - # 13 Golden Beige 4pcs","Make Up & Cosmetics >> Makeup Sets >> Sets & Coffrets","46.95","https://www.cosmeticsnow.com.au/iteminfo/BareMinerals-Get-Started-Mineral-Foundation-Kit-no-13-Golden-Beige-4pcs"
"298465","Lancome","Hypnose Drama Set Hypnose Drama Mascara 6.5gr/ Crayon Khol 0 7gr/ Bi Facil 30ml 5ml","Make Up & Cosmetics >> Makeup Sets >> Sets & Coffrets","56.95","https://www.cosmeticsnow.com.au/iteminfo/Lancome-Hypnose-Drama-Set-Hypnose-Drama-Mascara-6.5gr/-Crayon-Khol-0-7gr/-Bi-Facil-30ml-5ml"
"299684","Clinique","Eye Definition Set: 1x Kohl Shaper For Eyes + 1x High Impact Mascara + 1x Makeup Remover + 1x All About Eyes 4pcs","Make Up & Cosmetics >> Makeup Sets >> Sets & Coffrets","32.95","https://www.cosmeticsnow.com.au/iteminfo/Clinique-Eye-Definition-Set:-1x-Kohl-Shaper-For-Eyes-+-1x-High-Impact-Mascara-+-1x-Makeup-Remover-+-1x-All-About-Eyes-4pcs"
"300241","Yves Saint Laurent","The Shock Mascara Set : 1x Mascara+ 1x Expert Make Up Remover 2pcs","Make Up & Cosmetics >> Makeup Sets >> Sets & Coffrets","52.95","https://www.cosmeticsnow.com.au/iteminfo/Yves-Saint-Laurent-The-Shock-Mascara-Set-:-1x-Mascara+-1x-Expert-Make-Up-Remover-2pcs"
"311253","Clinique","Long Last Glosswear Set 5x2.3ml","Make Up & Cosmetics >> Makeup Sets >> Sets & Coffrets","45.95","https://www.cosmeticsnow.com.au/iteminfo/Clinique-Long-Last-Glosswear-Set-no25-Sweet-Tooth-no27-Happy-no33-Cupid's-Bow-no24-Love-At-First-Sight-no34-Purple-Crush-5x2.3ml"
"313263","Becca","Be A Light Face Palette - # Light To Medium 15g","Make Up & Cosmetics >> Makeup Sets >> Sets & Coffrets","64.95","https://www.cosmeticsnow.com.au/iteminfo/Becca-Be-A-Light-Face-Palette-no-Light-To-Medium-15g"
"315232","Stila","Matte'ificent Mattes Set : 2pcs","Make Up & Cosmetics >> Makeup Sets >> Sets & Coffrets","16.6","https://www.cosmeticsnow.com.au/iteminfo/Stila-Matte'ificent-Mattes-Set-:-1x-Matte'ificent-Lipstick-1x-Stay-All-Days-Lip-Liner-2pcs"
"298673","NARS","NARSissist Blush, Contour And Lip Palette","Make Up & Cosmetics >> Makeup Sets >> Sets & Coffrets","84.95","https://www.cosmeticsnow.com.au/iteminfo/NARSissist-Blush-Contour-And-Lip-Palette"
"300240","Yves Saint Laurent","Essential Make Up Trio Set : 1x Mascara + 1x Touche Eclat + 1x Gloss Volupte + 1x Bag 3pcs+1bag","Make Up & Cosmetics >> Makeup Sets >> Sets & Coffrets","140.95","https://www.cosmeticsnow.com.au/iteminfo/Yves-Saint-Laurent-Essential-Make-Up-Trio-Set-:-1x-Mascara-+-1x-Touche-Eclat-+-1x-Gloss-Volupte-+-1x-Bag-3pcs+1bag"
"306004","Becca","Summer Radiance Kit 2pcs","Make Up & Cosmetics >> Makeup Sets >> Sets & Coffrets","34.95","https://www.cosmeticsnow.com.au/iteminfo/Becca-Summer-Radiance-Kit-Backlight-Priming-Filter-+-Sunlit-Bronzer-2pcs"
"312500","Too Faced","Pretty Little Planner Best Year Ever 2018 : (Box Slightly Damaged)","Make Up & Cosmetics >> Makeup Sets >> Sets & Coffrets","45.95","https://www.cosmeticsnow.com.au/iteminfo/Too-Faced-Pretty-Little-Planner-Best-Year-Ever-2018-:-15x-Eyeshadow-1x-Mascara-Box-Slightly-Damaged"
"313002","BareMinerals","Gen Nude Eye Shadow Palette  - # Rose 6x1.1g","Make Up & Cosmetics >> Makeup Sets >> Sets & Coffrets","39.95","https://www.cosmeticsnow.com.au/iteminfo/BareMinerals-Gen-Nude-Eye-Shadow-Palette--no-Rose-6x1.1g"
"313750","HourGlass","Illume Sheer Color Trio - # Sunset 17g","Make Up & Cosmetics >> Makeup Sets >> Sets & Coffrets","109.95","https://www.cosmeticsnow.com.au/iteminfo/HourGlass-Illume-Sheer-Color-Trio-no-Sunset-17g"
"315012","Stila","Pucker Up Lip Glaze Set 8x1.5ml","Make Up & Cosmetics >> Makeup Sets >> Sets & Coffrets","27.95","https://www.cosmeticsnow.com.au/iteminfo/Stila-Pucker-Up-Lip-Glaze-Set-8x1.5ml"
"315229","Stila","Naturally Nude Stay All Day Liquid Lipstick Set 3x1.5ml","Make Up & Cosmetics >> Makeup Sets >> Sets & Coffrets","22.95","https://www.cosmeticsnow.com.au/iteminfo/Stila-Naturally-Nude-Stay-All-Day-Liquid-Lipstick-Set-3x1.5ml"
"289781","Yves Saint Laurent","Couture Brow Palette - #1 Light To Medium 3.8g","Make Up & Cosmetics >> Makeup Sets >> Sets & Coffrets","94.95","https://www.cosmeticsnow.com.au/iteminfo/Yves-Saint-Laurent-Couture-Brow-Palette-no1-Light-To-Medium-3.8g"
"312013","Urban Decay","Naked 3 Eyeshadow Palette: 12x Eyeshadow, 1x Doubled Ended Shadow/Blending Brush (Unboxed)","Make Up & Cosmetics >> Makeup Sets >> Sets & Coffrets","86.95","https://www.cosmeticsnow.com.au/iteminfo/Urban-Decay-Naked-3-Eyeshadow-Palette:-12x-Eyeshadow-1x-Doubled-Ended-Shadow/Blending-Brush-Unboxed"
"312246","BYS","Glitter Eye Creme Palette - # 01 You Can Dig It 6g","Make Up & Cosmetics >> Makeup Sets >> Sets & Coffrets","7.94","https://www.cosmeticsnow.com.au/iteminfo/BYS-Glitter-Eye-Creme-Palette-no-01-You-Can-Dig-It-6g"
"312323","Lancome","Monsieur Big Coffret : 3pcs","Make Up & Cosmetics >> Makeup Sets >> Sets & Coffrets","41.95","https://www.cosmeticsnow.com.au/iteminfo/Lancome-Monsieur-Big-Coffret-:-1x-Mascara-1x-Bifacil-1x-Le-Crayon-Khol-3pcs"
"312881","Smashbox","The Cali Contour Shape/ Bronze/ Glow Palette 20.56g","Make Up & Cosmetics >> Makeup Sets >> Sets & Coffrets","58.95","https://www.cosmeticsnow.com.au/iteminfo/Smashbox-The-Cali-Contour-Shape/-Bronze/-Glow-Palette-20.56g"
"313000","BareMinerals","Gen Nude Eye Shadow Palette  - # Neutral 6x1.1g","Make Up & Cosmetics >> Makeup Sets >> Sets & Coffrets","39.95","https://www.cosmeticsnow.com.au/iteminfo/BareMinerals-Gen-Nude-Eye-Shadow-Palette--no-Neutral-6x1.1g"
"313003","BareMinerals","Gen Nude Eye Shadow Palette  - # Copper 6x1.1g","Make Up & Cosmetics >> Makeup Sets >> Sets & Coffrets","39.95","https://www.cosmeticsnow.com.au/iteminfo/BareMinerals-Gen-Nude-Eye-Shadow-Palette--no-Copper-6x1.1g"
"313004","BareMinerals","Gen Nude Eye Shadow Palette  - # Latte 6x1.1g","Make Up & Cosmetics >> Makeup Sets >> Sets & Coffrets","39.95","https://www.cosmeticsnow.com.au/iteminfo/BareMinerals-Gen-Nude-Eye-Shadow-Palette--no-Latte-6x1.1g"
"314188","HourGlass","Ambient Lighting Palette 3x3.3g","Make Up & Cosmetics >> Makeup Sets >> Sets & Coffrets","111.95","https://www.cosmeticsnow.com.au/iteminfo/HourGlass-Ambient-Lighting-Palette-3x3.3g"
"314963","Stila","Most Wanted Vol II Eye Liners Set 2pcs","Make Up & Cosmetics >> Makeup Sets >> Sets & Coffrets","20.93","https://www.cosmeticsnow.com.au/iteminfo/Stila-Most-Wanted-Vol-II-Eye-Liners-Set-2pcs"
"315233","Stila","Stay All Day Sparkle All Night Set : 6pcs","Make Up & Cosmetics >> Makeup Sets >> Sets & Coffrets","44.95","https://www.cosmeticsnow.com.au/iteminfo/Stila-Stay-All-Day-Sparkle-All-Night-Set-:-5x-Stay-All-Day-Liquid-Lipstick-1x-Glitterati-Lip-Top-Coat-6pcs"
"315236","Stila","Written In The Stars Glitter & Glow Liquid Eye Shadow Set 3x2.25ml","Make Up & Cosmetics >> Makeup Sets >> Sets & Coffrets","27.95","https://www.cosmeticsnow.com.au/iteminfo/Stila-Written-In-The-Stars-Glitter-and-Glow-Liquid-Eye-Shadow-Set-3x2.25ml"
"315730","Laura Geller","Laura's Star Performers Full Size Foundation & Bronzer - # Medium 2pcs","Make Up & Cosmetics >> Makeup Sets >> Sets & Coffrets","20.21","https://www.cosmeticsnow.com.au/iteminfo/Laura-Geller-Laura's-Star-Performers-Full-Size-Foundation-and-Bronzer-no-Medium-2pcs"
